id,name,description,reviews,rating,link,email,phone,website,featured_image,ranking,address,detailed_address,latitude,longitude,reviews_per_rating,review_keywords,is_open,open_hours,menu_link,delivery_url,price_range,cuisines,diets,meal_types,dining_options,owner_types,top_tags
27972706,Mochomos Torreon,"Mochomos(r) es el restaurante-bar que ofrece un nuevo concepto gastronomico con base a la creatividad y nuevos gustos de la cocina de asador y parrilla Sonorense. Una cocina honesta que se vale de riqueza y alta calidad en carnes, pescados, mariscos y vinos de la region asi como las nuevas etiquetas nacionales reconocidas a nivel mundial. Un lugar distinguido y amigable que ha modernizado el arte culinario de la cocina sonorense y del norte del pais fusionando su riqueza gastronomica con una amplia seleccion de entradas con recetas y procesos originales, los mejores cortes de carne y platillos tipicos asi como especialidades del dia en una experiencia extraordinaria para ocasiones de negocios, amigos y familias que siempre buscan lo mejor en cada oportunidad.",123,5,https://www.tripadvisor.com/Restaurant_Review-g499442-d27972706-Reviews-Mochomos_Torreon-Torreon_Northern_Mexico.html,mochomostorreon@gmail.com,+52 81 2530 0671,https://mochomos.mx/,https://media-cdn.tripadvisor.com/media/photo-w/2d/2b/8a/a1/rib-master.jpg,"{""current_rank"": 1, ""total"": 784}","Boulevard Independencia 2210 Navarro, Torreon 27010 Mexico","{""street"": ""Boulevard Independencia 2210, Navarro"", ""city"": ""Torreon"", ""postal_code"": ""27010"", ""state"": ""Coahuila"", ""country_code"": ""MX""}",25.563423,-103.42945,"{""1"": 1, ""2"": 0, ""3"": 1, ""4"": 3, ""5"": 119}",[],,,,,$$ - $$$,"[""Mexican""]",[],"[""Lunch"", ""Dinner"", ""Late Night"", ""Drinks""]","[""Reservations"", ""Seating"", ""Wine and Beer"", ""American Express"", ""Mastercard"", ""Visa"", ""Free Wifi"", ""Accepts Credit Cards"", ""Table Service"", ""Family style""]",[],"[""Mid-range"", ""Mexican""]"
23775787,The Mezquite,"!Bienvenidos a The Mezquite! Desde 2021, nos dedicamos a ofrecer una experiencia gastronomica autentica en un ambiente acogedor. Descubre nuestra seleccion de platos inspirados en la rica identidad culinaria de La Laguna y disfruta de sabores locales en cada bocado. !Esperamos verte pronto para una experiencia culinaria inolvidable!",23,5,https://www.tripadvisor.com/Restaurant_Review-g499442-d23775787-Reviews-The_Mezquite-Torreon_Northern_Mexico.html,contacto@themezquite.com,+52 871 298 2680,http://www.themezquite.com,https://media-cdn.tripadvisor.com/media/photo-m/1280/2c/9c/dc/65/rib-eye-mezquite.jpg,"{""current_rank"": 6, ""total"": 784}","Avenida Mariano Abasolo 201 Calle Gonzalez Ortega, Torreon 27000 Mexico","{""street"": ""Avenida Mariano Abasolo 201, Calle Gonzalez Ortega"", ""city"": ""Torreon"", ""postal_code"": ""27000"", ""state"": ""Coahuila"", ""country_code"": ""MX""}",25.542305,-103.44632,"{""1"": 0, ""2"": 0, ""3"": 0, ""4"": 4, ""5"": 19}",[],False,"{""sun"": [{""open"": ""14:00:00"", ""close"": ""21:00:00""}], ""mon"": [], ""tue"": [{""open"": ""14:00:00"", ""close"": ""23:00:00""}], ""wed"": [{""open"": ""14:00:00"", ""close"": ""23:00:00""}], ""thu"": [{""open"": ""14:00:00"", ""close"": ""23:00:00""}], ""fri"": [{""open"": ""14:00:00"", ""close"": ""00:00:00""}], ""sat"": [{""open"": ""14:00:00"", ""close"": ""00:00:00""}]}",https://www.themezquite.com/,,$$ - $$$,"[""Mexican"", ""Latin"", ""Spanish"", ""Grill""]",[],"[""Lunch"", ""Dinner"", ""Late Night"", ""Drinks""]","[""Delivery"", ""Takeout"", ""Reservations"", ""Outdoor Seating"", ""Seating"", ""Parking Available"", ""Street Parking"", ""Free off-street parking"", ""Television"", ""Wheelchair Accessible"", ""Serves Alcohol"", ""Wine and Beer"", ""American Express"", ""Mastercard"", ""Visa"", ""Accepts Credit Cards"", ""Table Service"", ""Live Music"", ""Dog Friendly"", ""Family style"", ""Non-smoking restaurants""]",[],"[""Mid-range"", ""Mexican"", ""Latin""]"
3419284,Steak Palenque,,232,4.5,https://www.tripadvisor.com/Restaurant_Review-g499442-d3419284-Reviews-Steak_Palenque-Torreon_Northern_Mexico.html,,+52 871 718 5504,http://www.steakpalenque.com.mx,https://media-cdn.tripadvisor.com/media/photo-o/0e/98/26/2a/rib-eye-400-gr.jpg,"{""current_rank"": 4, ""total"": 784}","Boulevard Independencia 2557, Torreon 27100 Mexico","{""street"": ""Boulevard Independencia 2557"", ""city"": ""Torreon"", ""postal_code"": ""27100"", ""state"": ""Coahuila"", ""country_code"": ""MX""}",25.571386,-103.42053,"{""1"": 2, ""2"": 9, ""3"": 20, ""4"": 79, ""5"": 122}",[],True,"{""sun"": [{""open"": ""01:00:00"", ""close"": ""18:00:00""}], ""mon"": [{""open"": ""01:00:00"", ""close"": ""23:45:00""}], ""tue"": [{""open"": ""01:00:00"", ""close"": ""23:45:00""}], ""wed"": [{""open"": ""01:00:00"", ""close"": ""23:45:00""}], ""thu"": [{""open"": ""01:00:00"", ""close"": ""23:45:00""}], ""fri"": [{""open"": ""01:00:00"", ""close"": ""23:45:00""}], ""sat"": [{""open"": ""01:00:00"", ""close"": ""23:45:00""}]}",,,$$ - $$$,"[""Mexican"", ""Steakhouse"", ""Latin""]",[],"[""Lunch"", ""Dinner"", ""Late Night""]","[""Takeout"", ""Reservations"", ""Seating"", ""Parking Available"", ""Validated Parking"", ""Highchairs Available"", ""Wheelchair Accessible"", ""Serves Alcohol"", ""Full Bar"", ""Table Service""]",[],"[""Mid-range"", ""Mexican"", ""Steakhouse""]"
23561998,Brassa,Restaurante de cortes de carne a la parrilla y comida ahumada. Cocteles ssy vinos de mesa para maridar.,18,4.5,https://www.tripadvisor.com/Restaurant_Review-g499442-d23561998-Reviews-Brassa-Torreon_Northern_Mexico.html,contacto.brassa@gmail.com,+52 871 680 1409,,https://media-cdn.tripadvisor.com/media/photo-m/1280/2b/72/32/06/restaurante-de-cocina.jpg,"{""current_rank"": 12, ""total"": 784}","Degollado 76nte, Entre Allende Y Abasolo., Torreon 27000 Mexico","{""street"": ""Degollado 76nte, Entre Allende Y Abasolo."", ""city"": ""Torreon"", ""postal_code"": ""27000"", ""state"": ""Coahuila"", ""country_code"": ""MX""}",25.541824,-103.4474,"{""1"": 0, ""2"": 1, ""3"": 1, ""4"": 3, ""5"": 13}",[],False,"{""sun"": [{""open"": ""13:00:00"", ""close"": ""07:00:00""}], ""mon"": [{""open"": ""11:00:00"", ""close"": ""23:00:00""}], ""tue"": [{""open"": ""13:00:00"", ""close"": ""23:00:00""}], ""wed"": [{""open"": ""13:00:00"", ""close"": ""23:00:00""}], ""thu"": [{""open"": ""13:00:00"", ""close"": ""23:00:00""}], ""fri"": [{""open"": ""13:00:00"", ""close"": ""23:00:00""}], ""sat"": [{""open"": ""13:00:00"", ""close"": ""23:00:00""}]}",https://bit.ly/MenuBrassa2024,,$$$$,"[""Mexican"", ""Steakhouse"", ""Barbecue"", ""Grill"", ""Wine Bar""]",[],"[""Lunch"", ""Dinner"", ""Drinks""]","[""Takeout"", ""Reservations"", ""Private Dining"", ""Seating"", ""Parking Available"", ""Street Parking"", ""Validated Parking"", ""Wheelchair Accessible"", ""Serves Alcohol"", ""Full Bar"", ""Wine and Beer"", ""American Express"", ""Mastercard"", ""Visa"", ""Free Wifi"", ""Accepts Credit Cards"", ""Table Service"", ""Family style"", ""Non-smoking restaurants""]",[],"[""Fine Dining"", ""Mexican"", ""Steakhouse""]"
2561787,La Majada,,230,4,https://www.tripadvisor.com/Restaurant_Review-g499442-d2561787-Reviews-La_Majada-Torreon_Northern_Mexico.html,majada@prodigy.net.mx,+52 871 713 4715,http://www.majada.com,https://media-cdn.tripadvisor.com/media/photo-o/0d/ba/30/5e/20161120-144629-largejpg.jpg,"{""current_rank"": 5, ""total"": 784}","Calle Donato Guerra 1001, Torreon 27000 Mexico","{""street"": ""Calle Donato Guerra 1001"", ""city"": ""Torreon"", ""postal_code"": ""27000"", ""state"": ""Coahuila"", ""country_code"": ""MX""}",25.551048,-103.44432,"{""1"": 4, ""2"": 13, ""3"": 28, ""4"": 77, ""5"": 108}",[],True,"{""sun"": [{""open"": ""07:00:00"", ""close"": ""23:00:00""}], ""mon"": [{""open"": ""07:00:00"", ""close"": ""23:00:00""}], ""tue"": [{""open"": ""07:00:00"", ""close"": ""23:00:00""}], ""wed"": [{""open"": ""07:00:00"", ""close"": ""23:00:00""}], ""thu"": [{""open"": ""07:00:00"", ""close"": ""23:00:00""}], ""fri"": [{""open"": ""07:00:00"", ""close"": ""23:00:00""}], ""sat"": [{""open"": ""07:00:00"", ""close"": ""23:00:00""}]}",,https://tripadvisor.com/Commerce?p=Delivery_Rappi&src=235091835&geo=2561787&from=Restaurant_Review&area=reservation_button&slot=1&matchID=1&oos=0&cnt=1&silo=45026&bucket=973958&nrank=1&crank=1&clt=R&ttype=Restaurant&tm=312720373&managed=false&capped=false&gosox=9DMvibDTWdNaFeGYL8QTakyv1LBYZaGpeB4MEHn-hv2mZBN376EHVCGusTIRxmJ8qqvQGbuL1fpSYet3nxxswD1mwg52l1a37t_h3uvnoi8&cs=15065b0ccbddb1e25edfa2e0d83f4a936_FVN,$$ - $$$,"[""Mexican"", ""Steakhouse""]",[],"[""Lunch"", ""Brunch"", ""Late Night""]","[""Delivery"", ""Takeout"", ""Reservations"", ""Buffet"", ""Seating"", ""Parking Available"", ""Street Parking"", ""Television"", ""Wheelchair Accessible"", ""Serves Alcohol"", ""Full Bar"", ""American Express"", ""Mastercard"", ""Visa"", ""Cash Only"", ""Free Wifi"", ""Accepts Credit Cards"", ""Table Service"", ""Live Music""]",[],"[""Mid-range"", ""Mexican"", ""Steakhouse""]"
1006310,Pampas Torreon,,295,4.5,https://www.tripadvisor.com/Restaurant_Review-g499442-d1006310-Reviews-Pampas_Torreon-Torreon_Northern_Mexico.html,,+52 871 732 6244,http://www.facebook.com/Pampas-Torre%C3%B3n-151553338231885/timeline/?ref=hl,https://media-cdn.tripadvisor.com/media/photo-o/11/91/77/ef/pampas-torreon.jpg,"{""current_rank"": 3, ""total"": 784}","421 Paseo de la Rosita Colonia Campestre La Rosita, Torreon 27250 Mexico","{""street"": ""421 Paseo de la Rosita, Colonia Campestre La Rosita"", ""city"": ""Torreon"", ""postal_code"": ""27250"", ""state"": ""Coahuila"", ""country_code"": ""MX""}",25.528986,-103.415634,"{""1"": 2, ""2"": 8, ""3"": 27, ""4"": 96, ""5"": 162}",[],True,"{""sun"": [{""open"": ""08:00:00"", ""close"": ""19:00:00""}], ""mon"": [{""open"": ""08:00:00"", ""close"": ""23:00:00""}], ""tue"": [{""open"": ""08:00:00"", ""close"": ""23:00:00""}], ""wed"": [{""open"": ""08:00:00"", ""close"": ""23:00:00""}], ""thu"": [{""open"": ""08:00:00"", ""close"": ""23:00:00""}], ""fri"": [{""open"": ""08:00:00"", ""close"": ""23:00:00""}], ""sat"": [{""open"": ""08:00:00"", ""close"": ""23:00:00""}]}",,,$$ - $$$,"[""Steakhouse"", ""Brazilian"", ""Latin""]","[""Vegetarian friendly""]","[""Lunch"", ""Dinner"", ""Late Night"", ""Drinks""]","[""Reservations"", ""Buffet"", ""Seating"", ""Parking Available"", ""Street Parking"", ""Validated Parking"", ""Valet Parking"", ""Free off-street parking"", ""Television"", ""Highchairs Available"", ""Wheelchair Accessible"", ""Serves Alcohol"", ""Full Bar"", ""Wine and Beer"", ""American Express"", ""Mastercard"", ""Visa"", ""Cash Only"", ""Free Wifi"", ""Accepts Credit Cards"", ""Table Service""]",[],"[""Mid-range"", ""Steakhouse"", ""Brazilian"", ""Vegetarian friendly""]"
25454112,Santa Semilla,"!Come Bien, Vive Bien! En Santa Semilla CREEMOS EN LA COMIDA DE VERDAD. Nos dedicamos a la comida natural, sana y fresca.",94,5,https://www.tripadvisor.com/Restaurant_Review-g499442-d25454112-Reviews-Santa_Semilla-Torreon_Northern_Mexico.html,santasemillamexico@gmail.com,+52 871 242 8962,http://santasemilla.mx/,https://media-cdn.tripadvisor.com/media/photo-w/2d/3b/e9/3b/ensalada-fresca-bolitas.jpg,"{""current_rank"": 2, ""total"": 784}","Blvd Independencia 2295 1, Torreon 27100 Mexico","{""street"": ""Blvd Independencia 2295, 1"", ""city"": ""Torreon"", ""postal_code"": ""27100"", ""state"": ""Coahuila"", ""country_code"": ""MX""}",25.568373,-103.42424,"{""1"": 1, ""2"": 0, ""3"": 1, ""4"": 3, ""5"": 91}",[],False,"{""sun"": [{""open"": ""10:30:00"", ""close"": ""21:00:00""}], ""mon"": [{""open"": ""10:30:00"", ""close"": ""22:00:00""}], ""tue"": [{""open"": ""10:30:00"", ""close"": ""22:00:00""}], ""wed"": [{""open"": ""10:30:00"", ""close"": ""22:00:00""}], ""thu"": [{""open"": ""10:30:00"", ""close"": ""22:00:00""}], ""fri"": [{""open"": ""10:30:00"", ""close"": ""22:00:00""}], ""sat"": [{""open"": ""10:30:00"", ""close"": ""21:30:00""}]}",http://santasemilla.mx/,,$$ - $$$,"[""Mexican"", ""American"", ""Cafe"", ""Fast Food"", ""Healthy"", ""Soups""]","[""Vegetarian friendly"", ""Vegan options""]","[""Breakfast"", ""Lunch"", ""Dinner"", ""Brunch"", ""Drinks""]","[""Delivery"", ""Takeout"", ""Outdoor Seating"", ""Private Dining"", ""Seating"", ""Parking Available"", ""Free off-street parking"", ""Wheelchair Accessible"", ""American Express"", ""Mastercard"", ""Visa"", ""Free Wifi"", ""Accepts Credit Cards"", ""Table Service"", ""Dog Friendly"", ""Family style"", ""Gift Cards Available""]",[],"[""Mid-range"", ""Mexican"", ""American"", ""Vegetarian friendly""]"
12697310,La Espada Gaucha,,105,4.5,https://www.tripadvisor.com/Restaurant_Review-g499442-d12697310-Reviews-La_Espada_Gaucha-Torreon_Northern_Mexico.html,atencionaclientes@laespadagaucha.com,+52 871 182 1424,https://www.facebook.com/EspadaGaucha/,https://media-cdn.tripadvisor.com/media/photo-m/1280/16/a6/05/85/photo0jpg.jpg,"{""current_rank"": 8, ""total"": 784}","Boulevard Independencia 3760 Colonia El Fresno, Torreon 27018 Mexico","{""street"": ""Boulevard Independencia 3760, Colonia El Fresno"", ""city"": ""Torreon"", ""postal_code"": ""27018"", ""state"": ""Coahuila"", ""country_code"": ""MX""}",25.57758,-103.40721,"{""1"": 5, ""2"": 1, ""3"": 7, ""4"": 38, ""5"": 54}","[""salad bar"", ""table"", ""meat""]",True,"{""sun"": [{""open"": ""08:00:00"", ""close"": ""19:00:00""}], ""mon"": [{""open"": ""08:00:00"", ""close"": ""23:00:00""}], ""tue"": [{""open"": ""08:00:00"", ""close"": ""23:00:00""}], ""wed"": [{""open"": ""08:00:00"", ""close"": ""23:00:00""}], ""thu"": [{""open"": ""08:00:00"", ""close"": ""23:00:00""}], ""fri"": [{""open"": ""08:00:00"", ""close"": ""00:00:00""}], ""sat"": [{""open"": ""08:00:00"", ""close"": ""00:00:00""}]}",,https://tripadvisor.com/Commerce?p=Delivery_Rappi&src=230742387&geo=12697310&from=Restaurant_Review&area=reservation_button&slot=1&matchID=1&oos=0&cnt=1&silo=45026&bucket=973958&nrank=1&crank=1&clt=R&ttype=Restaurant&tm=312720373&managed=false&capped=false&gosox=9DMvibDTWdNaFeGYL8QTakyv1LBYZaGpeB4MEHn-hv2mZBN376EHVCGusTIRxmJ8hdWQUI_isQkJMTf9EKvvqA6GV-NZnhfA60o1LR3UIMU&cs=19c0c71d7ababd6185f9d252fcd29f655_inY,$$ - $$$,"[""Steakhouse"", ""Brazilian"", ""Grill"", ""Wine Bar""]",[],"[""Lunch"", ""Dinner"", ""Drinks""]","[""Takeout"", ""Reservations"", ""Seating"", ""Parking Available"", ""Valet Parking"", ""Free off-street parking"", ""Television"", ""Highchairs Available"", ""Wheelchair Accessible"", ""Serves Alcohol"", ""Full Bar"", ""Wine and Beer"", ""Free Wifi"", ""Table Service""]",[],"[""Mid-range"", ""Steakhouse"", ""Brazilian""]"
21360834,Staglio,,21,4.5,https://www.tripadvisor.com/Restaurant_Review-g499442-d21360834-Reviews-Staglio-Torreon_Northern_Mexico.html,torreon@staglio.mx,+52 871 464 0097,http://www.staglio.mx,https://media-cdn.tripadvisor.com/media/photo-o/27/b4/c0/be/staglio-terraza.jpg,"{""current_rank"": 17, ""total"": 784}","Periferico Raul Lopez Sanchez 5000 Almanara Shopping, Torreon 27018 Mexico","{""street"": ""Periferico Raul Lopez Sanchez 5000, Almanara Shopping"", ""city"": ""Torreon"", ""postal_code"": ""27018"", ""state"": ""Coahuila"", ""country_code"": ""MX""}",25.583702,-103.40853,"{""1"": 1, ""2"": 1, ""3"": 1, ""4"": 0, ""5"": 18}",[],False,"{""sun"": [{""open"": ""13:30:00"", ""close"": ""20:00:00""}], ""mon"": [{""open"": ""13:30:00"", ""close"": ""23:00:00""}], ""tue"": [{""open"": ""13:30:00"", ""close"": ""23:00:00""}], ""wed"": [{""open"": ""13:30:00"", ""close"": ""23:00:00""}], ""thu"": [{""open"": ""13:30:00"", ""close"": ""23:30:00""}], ""fri"": [{""open"": ""13:30:00"", ""close"": ""00:00:00""}], ""sat"": [{""open"": ""13:30:00"", ""close"": ""00:00:00""}]}",https://drive.google.com/file/d/1DHOsi9-v_KgFofBWDCki9SwMv6h4KR7A/view?usp=drivesdk,,$$$$,"[""Italian"", ""Pizza"", ""Mediterranean"", ""Neapolitan"", ""Campania"", ""Tuscan"", ""Sicilian"", ""Central-Italian"", ""Southern-Italian""]","[""Vegetarian friendly""]","[""Dinner"", ""Late Night"", ""Drinks""]","[""Delivery"", ""Takeout"", ""Reservations"", ""Outdoor Seating"", ""Private Dining"", ""Seating"", ""Parking Available"", ""Validated Parking"", ""Television"", ""Highchairs Available"", ""Wheelchair Accessible"", ""Serves Alcohol"", ""Full Bar"", ""Wine and Beer"", ""Free Wifi"", ""Accepts Credit Cards"", ""Table Service"", ""Live Music"", ""Dog Friendly"", ""Family style""]",[],"[""Fine Dining"", ""Italian"", ""Pizza"", ""Vegetarian friendly""]"
14143913,Mr. Pampas Torreon,"Restaurante estilo brasileno con dos barras (ensaladas y postres) y mas de 30 cortes al carbon en espadas, por un solo precio. Contamos con area infantil, salones privados y valet parking",29,4,https://www.tripadvisor.com/Restaurant_Review-g499442-d14143913-Reviews-Mr_Pampas_Torreon-Torreon_Northern_Mexico.html,,+52 871 747 9178,https://www.mrpampas.com/,https://media-cdn.tripadvisor.com/media/photo-m/1280/1b/b7/cf/d0/mr-pampas-torreon.jpg,"{""current_rank"": 45, ""total"": 784}","Boulevard Independencia 2727 Col Nuevo San Isidro, Torreon 27148 Mexico","{""street"": ""Boulevard Independencia 2727, Col Nuevo San Isidro"", ""city"": ""Torreon"", ""postal_code"": ""27148"", ""state"": ""Coahuila"", ""country_code"": ""MX""}",25.573221,-103.418495,"{""1"": 4, ""2"": 0, ""3"": 5, ""4"": 6, ""5"": 14}",[],False,"{""sun"": [{""open"": ""12:00:00"", ""close"": ""22:00:00""}], ""mon"": [{""open"": ""12:00:00"", ""close"": ""00:00:00""}], ""tue"": [{""open"": ""12:00:00"", ""close"": ""00:00:00""}], ""wed"": [{""open"": ""12:00:00"", ""close"": ""00:00:00""}], ""thu"": [{""open"": ""12:00:00"", ""close"": ""00:00:00""}], ""fri"": [{""open"": ""12:00:00"", ""close"": ""00:00:00""}], ""sat"": [{""open"": ""12:00:00"", ""close"": ""00:00:00""}]}",https://mrpampas.com/menu.html,,$$$$,"[""Steakhouse"", ""Brazilian"", ""Bar"", ""South American""]","[""Vegetarian friendly""]","[""Lunch"", ""Dinner"", ""Late Night"", ""Drinks""]","[""Reservations"", ""Buffet"", ""Private Dining"", ""Seating"", ""Validated Parking"", ""Valet Parking"", ""Free off-street parking"", ""Television"", ""Wheelchair Accessible"", ""Serves Alcohol"", ""Full Bar"", ""Wine and Beer"", ""Free Wifi"", ""Accepts Credit Cards"", ""Table Service""]",[],"[""Fine Dining"", ""Steakhouse"", ""Brazilian"", ""Vegetarian friendly""]"
2561882,Garufa,,148,4.5,https://www.tripadvisor.com/Restaurant_Review-g499442-d2561882-Reviews-Garufa-Torreon_Northern_Mexico.html,,+52 871 716 4072,http://www.garufa.com.mx/,https://media-cdn.tripadvisor.com/media/photo-o/0e/38/cb/20/vista-del-interior.jpg,"{""current_rank"": 7, ""total"": 784}","Av Abasolo 74, Torreon 27000 Mexico","{""street"": ""Av Abasolo 74"", ""city"": ""Torreon"", ""postal_code"": ""27000"", ""state"": ""Coahuila"", ""country_code"": ""MX""}",25.542019,-103.44779,"{""1"": 7, ""2"": 6, ""3"": 10, ""4"": 41, ""5"": 84}",[],False,"{""sun"": [{""open"": ""13:30:00"", ""close"": ""18:00:00""}], ""mon"": [{""open"": ""13:30:00"", ""close"": ""00:00:00""}], ""tue"": [{""open"": ""13:30:00"", ""close"": ""00:00:00""}], ""wed"": [{""open"": ""13:30:00"", ""close"": ""00:00:00""}], ""thu"": [{""open"": ""13:30:00"", ""close"": ""00:00:00""}], ""fri"": [{""open"": ""13:30:00"", ""close"": ""00:00:00""}], ""sat"": [{""open"": ""13:30:00"", ""close"": ""00:00:00""}]}",,,$$$$,"[""Steakhouse"", ""Argentinean""]",[],"[""Lunch"", ""Dinner""]","[""Reservations"", ""Private Dining"", ""Seating"", ""Wheelchair Accessible"", ""Serves Alcohol"", ""Full Bar"", ""Table Service""]",[],"[""Fine Dining"", ""Steakhouse"", ""Argentinean""]"
1186665,Oriental Grill Torreon,"Oriental Grill proudly offers a wide variety of Chinese, Japanese and Thai dishes. Ramen, sushi, fresh seafood, dumplings are amongst the preferred selection of our customers. Centrally located, with an open terrace and signature cocktails, Oriental Grill has been awarded the Top 10 Restaurant's Choice, for more than 6 years in a row. Come, visit and try us!",67,4.5,https://www.tripadvisor.com/Restaurant_Review-g499442-d1186665-Reviews-Oriental_Grill_Torreon-Torreon_Northern_Mexico.html,orientalgrilltrc@gmail.com,+52 871 718 1822,http://www.orientalgrilltrc.com/,https://media-cdn.tripadvisor.com/media/photo-m/1280/25/1a/18/8a/pollo-pina.jpg,"{""current_rank"": 10, ""total"": 784}","Feliciano Cobian 264 Colonia Nueva Los Angeles, Torreon 27140 Mexico","{""street"": ""Feliciano Cobian 264, Colonia Nueva Los Angeles"", ""city"": ""Torreon"", ""postal_code"": ""27140"", ""state"": ""Coahuila"", ""country_code"": ""MX""}",25.55564,-103.44531,"{""1"": 2, ""2"": 6, ""3"": 4, ""4"": 15, ""5"": 40}",[],False,"{""sun"": [{""open"": ""13:00:00"", ""close"": ""21:00:00""}], ""mon"": [{""open"": ""13:00:00"", ""close"": ""23:00:00""}], ""tue"": [], ""wed"": [{""open"": ""13:00:00"", ""close"": ""23:00:00""}], ""thu"": [{""open"": ""13:00:00"", ""close"": ""00:00:00""}], ""fri"": [{""open"": ""13:00:00"", ""close"": ""00:00:00""}], ""sat"": [{""open"": ""13:00:00"", ""close"": ""00:00:00""}]}",https://www.orientalgrilltrc.com/menu,https://tripadvisor.com/Commerce?p=Delivery_Rappi&src=230402823&geo=1186665&from=Restaurant_Review&area=reservation_button&slot=1&matchID=1&oos=0&cnt=1&silo=45026&bucket=973958&nrank=1&crank=1&clt=R&ttype=Restaurant&tm=312720374&managed=false&capped=false&gosox=9DMvibDTWdNaFeGYL8QTakyv1LBYZaGpeB4MEHn-hv2mZBN376EHVCGusTIRxmJ8-YuN5hxaPar7sgWnIhlkllXswHdfkkNX1WoOqJhtM0w&cs=193b9f76911c8cc8cdb3f320f71fc838c_tcJ,$$ - $$$,"[""Chinese"", ""Japanese"", ""Sushi"", ""Asian"", ""Hong Kong""]","[""Vegetarian friendly""]","[""Lunch"", ""Dinner"", ""Drinks""]","[""Delivery"", ""Takeout"", ""Reservations"", ""Seating"", ""Wheelchair Accessible"", ""Serves Alcohol"", ""Table Service""]",[],"[""Mid-range"", ""Chinese"", ""Japanese"", ""Vegetarian friendly""]"
1816798,La Pestana,,179,4,https://www.tripadvisor.com/Restaurant_Review-g499442-d1816798-Reviews-La_Pestana-Torreon_Northern_Mexico.html,,+52 871 713 9365,http://lalagunaguide.com/restaurantes/comida-mexicana/gorditas-la-pestana-fresno,https://media-cdn.tripadvisor.com/media/photo-o/08/26/ba/8f/surtido-rico.jpg,"{""current_rank"": 14, ""total"": 784}","Calzada Cuauhtemoc #1603 Nte., Torreon Mexico","{""street"": ""Calzada Cuauhtemoc #1603 Nte."", ""city"": ""Torreon"", ""postal_code"": """", ""state"": ""Coahuila"", ""country_code"": ""MX""}",25.556562,-103.434296,"{""1"": 11, ""2"": 11, ""3"": 27, ""4"": 59, ""5"": 71}",[],True,"{""sun"": [{""open"": ""08:30:00"", ""close"": ""14:30:00""}], ""mon"": [{""open"": ""08:30:00"", ""close"": ""14:30:00""}], ""tue"": [{""open"": ""08:30:00"", ""close"": ""14:30:00""}], ""wed"": [{""open"": ""08:30:00"", ""close"": ""14:30:00""}], ""thu"": [{""open"": ""08:30:00"", ""close"": ""14:30:00""}], ""fri"": [{""open"": ""08:30:00"", ""close"": ""14:30:00""}], ""sat"": [{""open"": ""08:30:00"", ""close"": ""14:30:00""}]}",,https://tripadvisor.com/Commerce?p=Delivery_Rappi&src=235074110&geo=1816798&from=Restaurant_Review&area=reservation_button&slot=1&matchID=1&oos=0&cnt=1&silo=45026&bucket=973958&nrank=1&crank=1&clt=R&ttype=Restaurant&tm=312720374&managed=false&capped=false&gosox=9DMvibDTWdNaFeGYL8QTakyv1LBYZaGpeB4MEHn-hv2mZBN376EHVCGusTIRxmJ87iDdcytDfMmhIH-O7CVQ_tS7vAMqvt85n7W7wFztBms&cs=1d9032fa74782f3d0f74f88bd04fa64e6_Nui,$,"[""Mexican"", ""Latin"", ""Fast Food""]",[],"[""Breakfast"", ""Lunch""]","[""Delivery"", ""Takeout"", ""Seating"", ""Table Service""]",[],"[""Cheap Eats"", ""Mexican"", ""Latin""]"
2650045,Rincon Del Bife,"Rincon del Bife cuenta con una deliciosa variedad de platillos como pastas, ensaladas, y sus inigualables y distintivos cortes, asi como una extensa seleccion de vinos nacionales e internacionales con los que podra acompanar y resaltar el sabor y sazon del platillo de su eleccion. Una cualidad nos distingue es el excelente servicio que su personal se esmera en otorgar a cada uno de sus invitados para que su experiencia sea inolvidable.",46,4.5,https://www.tripadvisor.com/Restaurant_Review-g499442-d2650045-Reviews-Rincon_Del_Bife-Torreon_Northern_Mexico.html,,+52 871 793 7788,https://www.facebook.com/ElBifeRB,https://media-cdn.tripadvisor.com/media/photo-o/0b/8a/bc/de/los-mejores-cortes.jpg,"{""current_rank"": 16, ""total"": 784}","Boulevard Independencia 2390, Torreon 27010 Mexico","{""street"": ""Boulevard Independencia 2390"", ""city"": ""Torreon"", ""postal_code"": ""27010"", ""state"": ""Coahuila"", ""country_code"": ""MX""}",25.569235,-103.42239,"{""1"": 1, ""2"": 1, ""3"": 1, ""4"": 14, ""5"": 29}",[],False,"{""sun"": [{""open"": ""13:00:00"", ""close"": ""23:00:00""}], ""mon"": [{""open"": ""13:00:00"", ""close"": ""23:00:00""}], ""tue"": [{""open"": ""13:00:00"", ""close"": ""23:00:00""}], ""wed"": [{""open"": ""13:00:00"", ""close"": ""23:00:00""}], ""thu"": [{""open"": ""13:00:00"", ""close"": ""23:00:00""}], ""fri"": [{""open"": ""13:00:00"", ""close"": ""23:00:00""}], ""sat"": [{""open"": ""13:00:00"", ""close"": ""23:00:00""}]}",https://www.facebook.com/ElBifeRB/menu/,,$$$$,"[""Steakhouse"", ""Argentinean""]",[],"[""Lunch"", ""Dinner"", ""Late Night"", ""Drinks""]","[""Takeout"", ""Reservations"", ""Seating"", ""Parking Available"", ""Valet Parking"", ""Television"", ""Wheelchair Accessible"", ""Serves Alcohol"", ""Full Bar"", ""Mastercard"", ""Visa"", ""Free Wifi"", ""Accepts Credit Cards"", ""Table Service""]",[],"[""Fine Dining"", ""Steakhouse"", ""Argentinean""]"
4291402,Tacostao,,102,4,https://www.tripadvisor.com/Restaurant_Review-g499442-d4291402-Reviews-Tacostao-Torreon_Northern_Mexico.html,,7232423,http://tacostao.com.mx/,https://media-cdn.tripadvisor.com/media/photo-o/0e/a8/d9/fb/img-20170301-wa0001-largejpg.jpg,"{""current_rank"": 11, ""total"": 784}","Blvd. Independencia #2401 Esq. con Montevideo, Torreon 27100 Mexico","{""street"": ""Blvd. Independencia #2401 Esq. con Montevideo"", ""city"": ""Torreon"", ""postal_code"": ""27100"", ""state"": ""Coahuila"", ""country_code"": ""MX""}",25.569717,-103.42258,"{""1"": 1, ""2"": 3, ""3"": 26, ""4"": 38, ""5"": 34}",[],True,"{""sun"": [{""open"": ""10:00:00"", ""close"": ""20:00:00""}], ""mon"": [{""open"": ""08:00:00"", ""close"": ""00:00:00""}], ""tue"": [{""open"": ""08:00:00"", ""close"": ""00:00:00""}], ""wed"": [{""open"": ""08:00:00"", ""close"": ""00:00:00""}], ""thu"": [{""open"": ""08:00:00"", ""close"": ""00:00:00""}], ""fri"": [{""open"": ""08:00:00"", ""close"": ""00:00:00""}], ""sat"": [{""open"": ""08:00:00"", ""close"": ""00:00:00""}]}",https://www.tacostao.com.mx/menu/,https://tripadvisor.com/Commerce?p=Delivery_Rappi&src=230738080&geo=4291402&from=Restaurant_Review&area=reservation_button&slot=1&matchID=1&oos=0&cnt=1&silo=45026&bucket=973958&nrank=1&crank=1&clt=R&ttype=Restaurant&tm=312720374&managed=false&capped=false&gosox=9DMvibDTWdNaFeGYL8QTakyv1LBYZaGpeB4MEHn-hv2mZBN376EHVCGusTIRxmJ8bGNRG0GOfhzB0LD0wp033-wwfRCwEJihmlHVR_bFoWI&cs=1abffd4076b77d9832e641285bff3965d_qQv,$,"[""Mexican"", ""Latin"", ""Fast Food"", ""Spanish""]",[],"[""Lunch"", ""Dinner""]","[""Takeout"", ""Seating"", ""Wheelchair Accessible"", ""Table Service""]",[],"[""Cheap Eats"", ""Mexican"", ""Latin""]"
16870483,Moric,,12,4.5,https://www.tripadvisor.com/Restaurant_Review-g499442-d16870483-Reviews-Moric-Torreon_Northern_Mexico.html,contacto.brassa@gmail.com,+52 871 680 1409,,https://media-cdn.tripadvisor.com/media/photo-m/1280/17/16/ea/ae/moric.jpg,"{""current_rank"": 34, ""total"": 784}","Calle Degollado Nte. 76 Col. Centro, Torreon 27000 Mexico","{""street"": ""Calle Degollado Nte. 76, Col. Centro"", ""city"": ""Torreon"", ""postal_code"": ""27000"", ""state"": ""Coahuila"", ""country_code"": ""MX""}",25.541916,-103.44753,"{""1"": 1, ""2"": 0, ""3"": 1, ""4"": 1, ""5"": 9}",[],,,,,$$$$,"[""Mexican"", ""Steakhouse"", ""International"", ""Grill"", ""Fusion""]",[],"[""Lunch"", ""Dinner"", ""Brunch""]","[""Takeout"", ""Reservations"", ""Seating"", ""Street Parking"", ""Wheelchair Accessible"", ""Serves Alcohol"", ""Wine and Beer"", ""American Express"", ""Mastercard"", ""Visa"", ""Free Wifi"", ""Accepts Credit Cards"", ""Table Service"", ""Family style""]",[],"[""Fine Dining"", ""Mexican"", ""Steakhouse""]"
2631068,OK Maguey,,41,4,https://www.tripadvisor.com/Restaurant_Review-g499442-d2631068-Reviews-OK_Maguey-Torreon_Northern_Mexico.html,,01 _871_ 7 16 92 28  ,http://www.facebook.com/OkMaguey/,https://media-cdn.tripadvisor.com/media/photo-o/0e/af/6e/ef/photo0jpg.jpg,"{""current_rank"": 31, ""total"": 784}","Constitucion 421 Ote. Casi Esquina Con Feliciano Cobian.., Torreon 27140 Mexico","{""street"": ""Constitucion 421 Ote., Casi Esquina Con Feliciano Cobian.."", ""city"": ""Torreon"", ""postal_code"": ""27140"", ""state"": ""Coahuila"", ""country_code"": ""MX""}",25.544151,-103.45622,"{""1"": 2, ""2"": 1, ""3"": 4, ""4"": 17, ""5"": 17}",[],,,,,$$ - $$$,"[""Mexican"", ""Steakhouse"", ""Latin"", ""Spanish"", ""South American""]",[],"[""Breakfast"", ""Lunch"", ""Dinner"", ""Late Night""]","[""Takeout"", ""Reservations"", ""Seating"", ""Highchairs Available"", ""Serves Alcohol"", ""Table Service""]",[],"[""Mid-range"", ""Mexican"", ""Steakhouse""]"
11912781,Sr Kimono,,40,4,https://www.tripadvisor.com/Restaurant_Review-g499442-d11912781-Reviews-Sr_Kimono-Torreon_Northern_Mexico.html,,+52 871 204 5001,http://www.srkimono.com,https://media-cdn.tripadvisor.com/media/photo-o/0f/92/8a/2d/tostadas-de-atun.jpg,"{""current_rank"": 32, ""total"": 784}","Boulevard Independencia 3400, Torreon 27018 Mexico","{""street"": ""Boulevard Independencia 3400"", ""city"": ""Torreon"", ""postal_code"": ""27018"", ""state"": ""Coahuila"", ""country_code"": ""MX""}",25.574636,-103.41486,"{""1"": 3, ""2"": 0, ""3"": 9, ""4"": 7, ""5"": 21}",[],,,http://www.srkimono.com#menu-link,,$$ - $$$,"[""Japanese"", ""Sushi""]","[""Vegetarian friendly""]","[""Dinner""]","[""Takeout"", ""Reservations"", ""Seating"", ""Wheelchair Accessible"", ""Serves Alcohol"", ""Table Service""]",[],"[""Mid-range"", ""Japanese"", ""Sushi"", ""Vegetarian friendly""]"
8669453,Mezzo,,74,4.5,https://www.tripadvisor.com/Restaurant_Review-g499442-d8669453-Reviews-Mezzo-Torreon_Northern_Mexico.html,oliver@mezzorestaurante.com,+52 871 711 1192,,https://media-cdn.tripadvisor.com/media/photo-o/0e/63/d8/a6/photo0jpg.jpg,"{""current_rank"": 13, ""total"": 784}","Calle Degollado 96 Esquina Con Abasolo, Centro, Torreon 27000 Mexico","{""street"": ""Calle Degollado 96, Esquina Con Abasolo, Centro"", ""city"": ""Torreon"", ""postal_code"": ""27000"", ""state"": ""Coahuila"", ""country_code"": ""MX""}",25.542086,-103.44755,"{""1"": 2, ""2"": 5, ""3"": 4, ""4"": 21, ""5"": 42}",[],,,,,$$ - $$$,"[""Italian"", ""International""]","[""Vegetarian friendly""]","[""Dinner""]","[""Takeout"", ""Reservations"", ""Seating"", ""Highchairs Available"", ""Serves Alcohol"", ""Table Service""]",[],"[""Mid-range"", ""Italian"", ""International"", ""Vegetarian friendly""]"
2561884,Huarichick Seafood Restaurant,,28,4.5,https://www.tripadvisor.com/Restaurant_Review-g499442-d2561884-Reviews-Huarichick_Seafood_Restaurant-Torreon_Northern_Mexico.html,,+52 871 750 8150,http://rollybrook.com/huarichic.htm,https://media-cdn.tripadvisor.com/media/photo-o/08/6a/98/56/huarichick-seafood-restaurant.jpg,"{""current_rank"": 24, ""total"": 784}","Periferico 8901, Torreon Mexico","{""street"": ""Periferico 8901"", ""city"": ""Torreon"", ""postal_code"": """", ""state"": ""Coahuila"", ""country_code"": ""MX""}",25.569904,-103.422424,"{""1"": 0, ""2"": 1, ""3"": 0, ""4"": 8, ""5"": 19}",[],True,"{""sun"": [{""open"": ""08:00:00"", ""close"": ""21:00:00""}], ""mon"": [{""open"": ""08:00:00"", ""close"": ""21:00:00""}], ""tue"": [{""open"": ""08:00:00"", ""close"": ""21:00:00""}], ""wed"": [{""open"": ""08:00:00"", ""close"": ""21:00:00""}], ""thu"": [{""open"": ""08:00:00"", ""close"": ""21:00:00""}], ""fri"": [{""open"": ""08:00:00"", ""close"": ""21:00:00""}], ""sat"": [{""open"": ""08:00:00"", ""close"": ""21:00:00""}]}",,,$$ - $$$,"[""Seafood""]",[],"[""Breakfast"", ""Lunch"", ""Dinner"", ""Brunch""]","[""Takeout"", ""Seating"", ""Highchairs Available"", ""Wheelchair Accessible"", ""Table Service""]",[],"[""Mid-range"", ""Seafood""]"
12225790,El Caribeno,Mariscos Casuales!,22,5,https://www.tripadvisor.com/Restaurant_Review-g499442-d12225790-Reviews-El_Caribeno-Torreon_Northern_Mexico.html,contacto@elcaribeno.com.mx,+52 871 182 0824,http://www.elcaribeno.com.mx,https://media-cdn.tripadvisor.com/media/photo-m/1280/13/e3/a3/83/photo0jpg.jpg,"{""current_rank"": 19, ""total"": 784}","Blvd. Las Quintas #50 local 15 Paseo Independencia, Torreon 27018 Mexico","{""street"": ""Blvd. Las Quintas #50 local 15, Paseo Independencia"", ""city"": ""Torreon"", ""postal_code"": ""27018"", ""state"": ""Coahuila"", ""country_code"": ""MX""}",25.57368,-103.41586,"{""1"": 0, ""2"": 0, ""3"": 1, ""4"": 1, ""5"": 20}",[],,,,,$$ - $$$,"[""Caribbean"", ""Seafood""]",[],"[""Lunch"", ""Dinner""]","[""Reservations"", ""Seating"", ""Highchairs Available"", ""Wheelchair Accessible"", ""Table Service""]",[],"[""Mid-range"", ""Caribbean"", ""Seafood""]"
10000722,Nicanor,,42,4.5,https://www.tripadvisor.com/Restaurant_Review-g499442-d10000722-Reviews-Nicanor-Torreon_Northern_Mexico.html,,+52 871 204 7078,http://www.facebook.com/nicanorcocinadeasador/?hc_ref=SEARCH,https://media-cdn.tripadvisor.com/media/photo-m/1280/13/4b/e7/e4/20180615-153145-largejpg.jpg,"{""current_rank"": 18, ""total"": 784}","Blvd. Independencia, 2295 Local 17 Piso 2, Torreon 27100 Mexico","{""street"": ""Blvd. Independencia, 2295, Local 17 Piso 2"", ""city"": ""Torreon"", ""postal_code"": ""27100"", ""state"": ""Coahuila"", ""country_code"": ""MX""}",25.568663,-103.42411,"{""1"": 1, ""2"": 1, ""3"": 5, ""4"": 7, ""5"": 28}",[],,,,https://tripadvisor.com/Commerce?p=Delivery_Rappi&src=230389392&geo=10000722&from=Restaurant_Review&area=reservation_button&slot=1&matchID=1&oos=0&cnt=1&silo=45026&bucket=973958&nrank=1&crank=1&clt=R&ttype=Restaurant&tm=312720375&managed=false&capped=false&gosox=9DMvibDTWdNaFeGYL8QTakyv1LBYZaGpeB4MEHn-hv2mZBN376EHVCGusTIRxmJ80NTijpC7mzVbxj0DUDTsE4p2m6A2eSCD06Xyp4_tYAo&cs=14d533b5ae97196843306262cefbdc0a3_chw,$$ - $$$,"[""Mexican"", ""Steakhouse"", ""Latin"", ""Spanish""]",[],"[""Lunch"", ""Dinner""]","[""Takeout"", ""Reservations"", ""Seating"", ""Serves Alcohol"", ""Table Service""]",[],"[""Mid-range"", ""Mexican"", ""Steakhouse""]"
7342875,Pronto Restaurant,,43,4.5,https://www.tripadvisor.com/Restaurant_Review-g499442-d7342875-Reviews-Pronto_Restaurant-Torreon_Northern_Mexico.html,prontofacebook@hotmail.com,1820900 y 7938787,https://www.facebook.com/pages/Pronto-Restaurant/104470619689928,https://media-cdn.tripadvisor.com/media/photo-o/09/71/73/8f/photo0jpg.jpg,"{""current_rank"": 23, ""total"": 784}","Calle Villas Del Fresno Ote 2360 Plaza Sta. Maria Local 3A, Torreon 27018 Mexico","{""street"": ""Calle Villas Del Fresno Ote 2360, Plaza Sta. Maria Local 3A"", ""city"": ""Torreon"", ""postal_code"": ""27018"", ""state"": ""Coahuila"", ""country_code"": ""MX""}",25.57738,-103.41026,"{""1"": 2, ""2"": 0, ""3"": 2, ""4"": 16, ""5"": 23}",[],,,,,$$ - $$$,"[""Mexican""]",[],"[""Breakfast"", ""Dinner"", ""Brunch""]","[""Takeout"", ""Seating"", ""Wheelchair Accessible"", ""Table Service""]",[],"[""Mid-range"", ""Mexican""]"
7366429,Los Chilaquiles,,24,4,https://www.tripadvisor.com/Restaurant_Review-g499442-d7366429-Reviews-Los_Chilaquiles-Torreon_Northern_Mexico.html,,+52 871 295 8566,http://www.facebook.com/LosChilaquilesT/,https://media-cdn.tripadvisor.com/media/photo-o/14/3b/c1/05/majada-cremosa-salsa.jpg,"{""current_rank"": 43, ""total"": 784}","Plaza Constitucion Blvd. Constitucion, Torreon Mexico","{""street"": ""Plaza Constitucion, Blvd. Constitucion"", ""city"": ""Torreon"", ""postal_code"": null, ""state"": ""Coahuila"", ""country_code"": ""MX""}",25.59904,-103.41848,"{""1"": 1, ""2"": 2, ""3"": 2, ""4"": 9, ""5"": 10}",[],,,,,$,"[""Mexican""]","[""Vegetarian friendly""]","[""Breakfast""]","[""Takeout"", ""Seating"", ""Table Service""]",[],"[""Cheap Eats"", ""Mexican"", ""Vegetarian friendly""]"
13136234,Pampas Gaucha,,13,4,https://www.tripadvisor.com/Restaurant_Review-g499442-d13136234-Reviews-Pampas_Gaucha-Torreon_Northern_Mexico.html,,+52 871 688 2235,http://www.facebook.com/pampasgauchagalerias/,https://media-cdn.tripadvisor.com/media/photo-o/16/b5/71/f1/20190307-161853-largejpg.jpg,"{""current_rank"": 57, ""total"": 784}","Periferico Raul Lopez Sanchez 6000, Torreon 27019 Mexico","{""street"": ""Periferico Raul Lopez Sanchez 6000"", ""city"": ""Torreon"", ""postal_code"": ""27019"", ""state"": ""Coahuila"", ""country_code"": ""MX""}",25.56946,-103.38573,"{""1"": 1, ""2"": 0, ""3"": 3, ""4"": 4, ""5"": 5}",[],,,,,$$ - $$$,"[""Brazilian"", ""South American""]",[],"[""Dinner""]","[""Seating"", ""Wheelchair Accessible"", ""Table Service""]",[],"[""Mid-range"", ""Brazilian"", ""South American""]"
7284110,El Agave,"Haute Mexican cuisine in a quiet and pleasant atmosphere. Ideal for your business meeting, family gatherings and for any special event.",40,4.5,https://www.tripadvisor.com/Restaurant_Review-g499442-d7284110-Reviews-El_Agave-Torreon_Northern_Mexico.html,elagave.cimaco@gmail.com,+52 871 747 2220,http://www.elagave.com.mx/,https://media-cdn.tripadvisor.com/media/photo-o/1a/86/52/f1/isiempre-listos-para.jpg,"{""current_rank"": 15, ""total"": 784}","Boulevard Independencia 1300, Torreon 27010 Mexico","{""street"": ""Boulevard Independencia 1300"", ""city"": ""Torreon"", ""postal_code"": ""27010"", ""state"": ""Coahuila"", ""country_code"": ""MX""}",25.56043,-103.4332,"{""1"": 0, ""2"": 0, ""3"": 4, ""4"": 12, ""5"": 24}",[],False,"{""sun"": [{""open"": ""13:00:00"", ""close"": ""22:00:00""}], ""mon"": [{""open"": ""13:00:00"", ""close"": ""23:00:00""}], ""tue"": [{""open"": ""13:00:00"", ""close"": ""23:00:00""}], ""wed"": [{""open"": ""13:00:00"", ""close"": ""23:00:00""}], ""thu"": [{""open"": ""13:00:00"", ""close"": ""23:00:00""}], ""fri"": [{""open"": ""13:00:00"", ""close"": ""00:00:00""}], ""sat"": [{""open"": ""13:00:00"", ""close"": ""00:00:00""}]}",https://www.elagave.com.mx/menu/,,$$ - $$$,"[""Mexican""]","[""Vegetarian friendly""]","[""Lunch"", ""Dinner"", ""Drinks""]","[""Reservations"", ""Seating"", ""Wheelchair Accessible"", ""Serves Alcohol"", ""Table Service""]",[],"[""Mid-range"", ""Mexican"", ""Vegetarian friendly""]"
2561886,La Alhambra,,31,4.5,https://www.tripadvisor.com/Restaurant_Review-g499442-d2561886-Reviews-La_Alhambra-Torreon_Northern_Mexico.html,,+52-295-8082,http://www.facebook.com/pages/La-Alhambra/288271659673#!/pages/La-Alhambra/288271659673?sk=info,https://media-cdn.tripadvisor.com/media/photo-o/08/62/48/1a/la-alhambra.jpg,"{""current_rank"": 29, ""total"": 784}","Blvd. Independencia #1798 Ote y Paseo de la Rosita 903 2 Esquina Con Rio Balsas, Torreon 27010 Mexico","{""street"": ""Blvd. Independencia #1798 Ote y Paseo de la Rosita 903 2, Esquina Con Rio Balsas"", ""city"": ""Torreon"", ""postal_code"": ""27010"", ""state"": ""Coahuila"", ""country_code"": ""MX""}",25.563623,-103.429344,"{""1"": 1, ""2"": 0, ""3"": 2, ""4"": 14, ""5"": 14}",[],True,"{""sun"": [{""open"": ""11:00:00"", ""close"": ""19:00:00""}], ""mon"": [{""open"": ""09:00:00"", ""close"": ""21:00:00""}], ""tue"": [{""open"": ""09:00:00"", ""close"": ""21:00:00""}], ""wed"": [{""open"": ""09:00:00"", ""close"": ""21:00:00""}], ""thu"": [{""open"": ""09:00:00"", ""close"": ""21:00:00""}], ""fri"": [{""open"": ""09:00:00"", ""close"": ""23:00:00""}], ""sat"": [{""open"": ""09:00:00"", ""close"": ""23:00:00""}]}",,,$$ - $$$,"[""Lebanese"", ""Bar"", ""Cafe"", ""Mediterranean""]",[],"[""Breakfast"", ""Lunch"", ""Dinner"", ""Brunch"", ""Drinks""]","[""Delivery"", ""Takeout"", ""Reservations"", ""Buffet"", ""Seating"", ""Parking Available"", ""Street Parking"", ""Validated Parking"", ""Free off-street parking"", ""Television"", ""Wheelchair Accessible"", ""Serves Alcohol"", ""Full Bar"", ""Wine and Beer"", ""Mastercard"", ""Visa"", ""Digital Payments"", ""Free Wifi"", ""Accepts Credit Cards"", ""Table Service"", ""Family style""]",[],"[""Mid-range"", ""Lebanese"", ""Bar""]"
23002570,Collector's Cafe,A unique place to shop and eat! A unique place to buy products of your favorite pop culture characters and to enjoy a delicious coffee!,12,5,https://www.tripadvisor.com/Restaurant_Review-g499442-d23002570-Reviews-Collector_s_Cafe-Torreon_Northern_Mexico.html,earreola.collectors@gmail.com,+52 871 145 9970,https://www.facebook.com/Collectors-Cafe-100189531958571,https://media-cdn.tripadvisor.com/media/photo-o/1d/84/18/43/collector-s-cafe.jpg,"{""current_rank"": 21, ""total"": 784}","Periferico Raul Lopez Sanchez 5000, Residencial El Fresno Local 25, Torreon 27018 Mexico","{""street"": ""Periferico Raul Lopez Sanchez 5000, Residencial El Fresno, Local 25"", ""city"": ""Torreon"", ""postal_code"": ""27018"", ""state"": ""Coahuila"", ""country_code"": ""MX""}",25.583864,-103.4095,"{""1"": 0, ""2"": 0, ""3"": 0, ""4"": 0, ""5"": 12}",[],,,,,$,"[""Cafe""]",[],[],"[""Seating"", ""Table Service""]",[],"[""Cheap Eats"", ""Cafe""]"
7717329,Green Gourmet,"Somos un restaurante de Desayuno, Brunch y Comida con opciones saludables y de antojo! Puedes escoger entre nuestros jugos al momento, nuestros deliciosos Chilaquiles, Toast, Bowls, Pastas, Ensaladas, Paninis y mas!",11,5,https://www.tripadvisor.com/Restaurant_Review-g499442-d7717329-Reviews-Green_Gourmet-Torreon_Northern_Mexico.html,,+52 871 793 0880,https://www.facebook.com/GreenGourmetLorenaVillarChef,https://media-cdn.tripadvisor.com/media/photo-o/0a/b4/ae/dc/green-gourmet.jpg,"{""current_rank"": 30, ""total"": 784}","Calle Santa Teresa de Jesus 6015 Local 5, Torreon 27018 Mexico","{""street"": ""Calle Santa Teresa de Jesus 6015, Local 5"", ""city"": ""Torreon"", ""postal_code"": ""27018"", ""state"": ""Coahuila"", ""country_code"": ""MX""}",25.57747,-103.40251,"{""1"": 0, ""2"": 0, ""3"": 0, ""4"": 2, ""5"": 9}",[],True,"{""sun"": [{""open"": ""09:00:00"", ""close"": ""13:00:00""}], ""mon"": [{""open"": ""08:00:00"", ""close"": ""16:30:00""}], ""tue"": [{""open"": ""08:00:00"", ""close"": ""16:30:00""}], ""wed"": [{""open"": ""08:00:00"", ""close"": ""16:30:00""}], ""thu"": [{""open"": ""08:00:00"", ""close"": ""16:30:00""}], ""fri"": [{""open"": ""08:00:00"", ""close"": ""16:30:00""}], ""sat"": [{""open"": ""08:00:00"", ""close"": ""16:30:00""}]}",,https://tripadvisor.com/Commerce?p=Delivery_Rappi&src=235115776&geo=7717329&from=Restaurant_Review&area=reservation_button&slot=1&matchID=1&oos=0&cnt=1&silo=45026&bucket=973958&nrank=1&crank=1&clt=R&ttype=Restaurant&tm=312720376&managed=false&capped=false&gosox=9DMvibDTWdNaFeGYL8QTakyv1LBYZaGpeB4MEHn-hv2mZBN376EHVCGusTIRxmJ8Bcz42M47BpZf5Kohbz4qdco7wceQ2DIvJZJpAVmkAE0&cs=1c4806c292608386f39f94cdf6f60a668_ZDU,$$$$,"[""Italian"", ""Mexican"", ""Cafe"", ""Healthy""]","[""Vegetarian friendly""]","[""Breakfast"", ""Lunch"", ""Brunch"", ""Drinks""]","[""Delivery"", ""Takeout"", ""Reservations"", ""Outdoor Seating"", ""Seating"", ""Parking Available"", ""Street Parking"", ""Validated Parking"", ""Highchairs Available"", ""Free Wifi"", ""Table Service"", ""Playgrounds"", ""Dog Friendly""]",[],"[""Fine Dining"", ""Italian"", ""Mexican"", ""Vegetarian friendly""]"
8548507,La Casa del Panini,"Comida Casual Gourmet, Donde Todo Tipo De Disciplinas Y Diferentes Preferencias Encontraran Opciones Con El Delicioso Sabor De Los Chef Georgina Y Carlos Finck.",80,4.5,https://www.tripadvisor.com/Restaurant_Review-g499442-d8548507-Reviews-La_Casa_del_Panini-Torreon_Northern_Mexico.html,adomicilio@lacasadelpanini.com,+52 871 713 7176,http://www.casadelpanini.com.mx,https://media-cdn.tripadvisor.com/media/photo-o/08/b8/da/6a/la-casa-del-panini.jpg,"{""current_rank"": 9, ""total"": 784}","Boulevard Las Quintas 89 Colonia Quintas San Isidro, Torreon 27016 Mexico","{""street"": ""Boulevard Las Quintas 89, Colonia Quintas San Isidro"", ""city"": ""Torreon"", ""postal_code"": ""27016"", ""state"": ""Coahuila"", ""country_code"": ""MX""}",25.574432,-103.4137,"{""1"": 2, ""2"": 2, ""3"": 4, ""4"": 19, ""5"": 53}",[],False,"{""sun"": [{""open"": ""13:30:00"", ""close"": ""18:00:00""}], ""mon"": [], ""tue"": [{""open"": ""13:30:00"", ""close"": ""02:00:00""}], ""wed"": [{""open"": ""13:30:00"", ""close"": ""02:00:00""}], ""thu"": [{""open"": ""13:30:00"", ""close"": ""02:00:00""}], ""fri"": [{""open"": ""13:30:00"", ""close"": ""02:00:00""}], ""sat"": [{""open"": ""13:30:00"", ""close"": ""02:00:00""}]}",,https://tripadvisor.com/Commerce?p=Delivery_Rappi&src=232427761&geo=8548507&from=Restaurant_Review&area=reservation_button&slot=1&matchID=1&oos=0&cnt=1&silo=45026&bucket=973958&nrank=1&crank=2&clt=R&ttype=Restaurant&tm=312720376&managed=false&capped=false&gosox=9DMvibDTWdNaFeGYL8QTakyv1LBYZaGpeB4MEHn-hv2mZBN376EHVCGusTIRxmJ8m-9yyXgA3A0BjmJmVOO0wMIsLZ6HBD5F8ObzvX3Ilak&cs=16119a6a5e508058e1741888acdd189f7_ta3,$$ - $$$,"[""Italian"", ""International""]",[],"[""Lunch"", ""Dinner""]","[""Delivery"", ""Takeout"", ""Reservations"", ""Outdoor Seating"", ""Seating"", ""Parking Available"", ""Validated Parking"", ""Highchairs Available"", ""Wheelchair Accessible"", ""Serves Alcohol"", ""Full Bar"", ""Mastercard"", ""Visa"", ""Cash Only"", ""Accepts Credit Cards"", ""Table Service""]",[],"[""Mid-range"", ""Italian"", ""International""]"
19684177,Yasuko,,4,5,https://www.tripadvisor.com/Restaurant_Review-g499442-d19684177-Reviews-Yasuko-Torreon_Northern_Mexico.html,,+52 871 187 0501,http://www.yasuko.mx,https://media-cdn.tripadvisor.com/media/photo-w/1b/21/9d/14/tataqui-de-atun.jpg,"{""current_rank"": 50, ""total"": 784}","Boulevard Las Quintas 253, Torreon 27016 Mexico","{""street"": ""Boulevard Las Quintas 253"", ""city"": ""Torreon"", ""postal_code"": ""27016"", ""state"": ""Coahuila"", ""country_code"": ""MX""}",25.5752,-103.41004,"{""1"": 0, ""2"": 0, ""3"": 0, ""4"": 0, ""5"": 4}",[],,,,,$,"[""Japanese"", ""Asian""]",[],[],[],[],"[""Cheap Eats"", ""Japanese"", ""Asian""]"
12050028,Bernini Fogon Urbano,,20,4.5,https://www.tripadvisor.com/Restaurant_Review-g499442-d12050028-Reviews-Bernini_Fogon_Urbano-Torreon_Northern_Mexico.html,,+52 871 182 1413,http://es-la.facebook.com/BerniniTRC,https://media-cdn.tripadvisor.com/media/photo-o/11/c1/ac/d7/deliciosos-postres.jpg,"{""current_rank"": 27, ""total"": 784}","Boulevard Las Quintas #50 Local 7 Y 8, Plaza Paseo Independencia, Torreon Mexico","{""street"": ""Boulevard Las Quintas #50, Local 7 Y 8, Plaza Paseo Independencia"", ""city"": ""Torreon"", ""postal_code"": null, ""state"": ""Coahuila"", ""country_code"": ""MX""}",25.5752,-103.41004,"{""1"": 0, ""2"": 0, ""3"": 1, ""4"": 5, ""5"": 14}",[],False,"{""sun"": [{""open"": ""13:00:00"", ""close"": ""00:00:00""}], ""mon"": [], ""tue"": [{""open"": ""00:00:00"", ""close"": ""01:30:00""}, {""open"": ""13:00:00"", ""close"": ""01:30:00""}], ""wed"": [{""open"": ""13:00:00"", ""close"": ""01:30:00""}], ""thu"": [{""open"": ""13:00:00"", ""close"": ""01:30:00""}], ""fri"": [{""open"": ""13:00:00"", ""close"": ""01:00:00""}], ""sat"": [{""open"": ""13:00:00"", ""close"": ""00:00:00""}]}",,,$$$$,"[""Italian""]","[""Vegetarian friendly"", ""Vegan options""]","[""Lunch"", ""Dinner"", ""Brunch"", ""Late Night"", ""Drinks""]","[""Takeout"", ""Reservations"", ""Outdoor Seating"", ""Seating"", ""Validated Parking"", ""Free off-street parking"", ""Television"", ""Highchairs Available"", ""Wheelchair Accessible"", ""Serves Alcohol"", ""Wine and Beer"", ""Digital Payments"", ""Free Wifi"", ""Table Service""]",[],"[""Fine Dining"", ""Italian"", ""Vegetarian friendly""]"
8680817,CASAVERDE,,9,4.5,https://www.tripadvisor.com/Restaurant_Review-g499442-d8680817-Reviews-CASAVERDE-Torreon_Northern_Mexico.html,contacto@casaverdejugos.com,+52 1 871 750 8573,http://casaverdejugos.com/,https://media-cdn.tripadvisor.com/media/photo-o/09/5e/ef/e9/casaverde.jpg,"{""current_rank"": 58, ""total"": 784}","Carretera Torreon Plaza 505 - Planta Baja, Torreon 27105 Mexico","{""street"": ""Carretera Torreon, Plaza 505 - Planta Baja"", ""city"": ""Torreon"", ""postal_code"": ""27105"", ""state"": ""Coahuila"", ""country_code"": ""MX""}",25.595407,-103.40463,"{""1"": 0, ""2"": 1, ""3"": 0, ""4"": 2, ""5"": 6}",[],True,"{""sun"": [{""open"": ""08:00:00"", ""close"": ""13:00:00""}], ""mon"": [{""open"": ""07:00:00"", ""close"": ""20:00:00""}], ""tue"": [{""open"": ""07:00:00"", ""close"": ""20:00:00""}], ""wed"": [{""open"": ""07:00:00"", ""close"": ""20:00:00""}], ""thu"": [{""open"": ""07:00:00"", ""close"": ""20:00:00""}], ""fri"": [{""open"": ""07:00:00"", ""close"": ""20:00:00""}], ""sat"": [{""open"": ""08:00:00"", ""close"": ""13:00:00""}]}",http://casaverdejugos.com/menu/,https://tripadvisor.com/Commerce?p=Delivery_Rappi&src=235069700&geo=8680817&from=Restaurant_Review&area=reservation_button&slot=1&matchID=1&oos=0&cnt=1&silo=45026&bucket=973958&nrank=1&crank=1&clt=R&ttype=Restaurant&tm=312720651&managed=false&capped=false&gosox=9DMvibDTWdNaFeGYL8QTakyv1LBYZaGpeB4MEHn-hv2mZBN376EHVCGusTIRxmJ8-cHqTy4u3HS9njHlIXfe1YOXZtbFd_J8jihVTZ3VSLk&cs=164b2063dac41ee3c6f958767c4c82c46_ByW,$$$$,[],[],"[""Breakfast"", ""Lunch"", ""Dinner""]","[""Delivery"", ""Takeout"", ""Outdoor Seating"", ""Seating"", ""Parking Available"", ""Wheelchair Accessible"", ""Mastercard"", ""Free Wifi"", ""Accepts Credit Cards""]",[],"[""Fine Dining""]"
3498471,La Terrazza,,21,4,https://www.tripadvisor.com/Restaurant_Review-g499442-d3498471-Reviews-La_Terrazza-Torreon_Northern_Mexico.html,,+52 871 747 2210,http://www.laterrazza.com.mx/,https://media-cdn.tripadvisor.com/media/photo-m/1280/1a/86/6c/cc/la-mejor-variedad-de.jpg,"{""current_rank"": 46, ""total"": 784}","Boulevard Independencia 1300 Cimaco, Torreon 27010 Mexico","{""street"": ""Boulevard Independencia 1300, Cimaco"", ""city"": ""Torreon"", ""postal_code"": ""27010"", ""state"": ""Coahuila"", ""country_code"": ""MX""}",25.56043,-103.4332,"{""1"": 1, ""2"": 1, ""3"": 4, ""4"": 9, ""5"": 6}",[],True,"{""sun"": [{""open"": ""08:00:00"", ""close"": ""22:00:00""}], ""mon"": [{""open"": ""08:00:00"", ""close"": ""23:00:00""}], ""tue"": [{""open"": ""08:00:00"", ""close"": ""23:00:00""}], ""wed"": [{""open"": ""08:00:00"", ""close"": ""23:00:00""}], ""thu"": [{""open"": ""08:00:00"", ""close"": ""23:00:00""}], ""fri"": [{""open"": ""08:00:00"", ""close"": ""23:30:00""}], ""sat"": [{""open"": ""08:00:00"", ""close"": ""23:30:00""}]}",http://www.laterrazza.com.mx/menu_desayunos.html,,$$ - $$$,"[""Mexican"", ""Contemporary""]","[""Vegetarian friendly""]","[""Breakfast"", ""Lunch"", ""Dinner"", ""Brunch""]","[""Reservations"", ""Seating"", ""Wheelchair Accessible"", ""Table Service""]",[],"[""Mid-range"", ""Mexican"", ""Contemporary"", ""Vegetarian friendly""]"
12298087,Ihop,,27,4,https://www.tripadvisor.com/Restaurant_Review-g499442-d12298087-Reviews-Ihop-Torreon_Northern_Mexico.html,,+52 871 713 2255,http://IHOPMEXICO.COM,https://media-cdn.tripadvisor.com/media/photo-m/1280/16/05/01/80/ihop.jpg,"{""current_rank"": 39, ""total"": 784}","Boulevard Independencia y Club Sertoma # 751 Colonia Granja San Isidro, Torreon 27140 Mexico","{""street"": ""Boulevard Independencia y Club Sertoma # 751, Colonia Granja San Isidro"", ""city"": ""Torreon"", ""postal_code"": ""27140"", ""state"": ""Coahuila"", ""country_code"": ""MX""}",25.554714,-103.441055,"{""1"": 2, ""2"": 0, ""3"": 5, ""4"": 3, ""5"": 17}",[],True,"{""sun"": [{""open"": ""07:00:00"", ""close"": ""23:00:00""}], ""mon"": [{""open"": ""07:00:00"", ""close"": ""23:00:00""}], ""tue"": [{""open"": ""07:00:00"", ""close"": ""23:00:00""}], ""wed"": [{""open"": ""07:00:00"", ""close"": ""23:00:00""}], ""thu"": [{""open"": ""07:00:00"", ""close"": ""23:00:00""}], ""fri"": [{""open"": ""07:00:00"", ""close"": ""23:00:00""}], ""sat"": [{""open"": ""07:00:00"", ""close"": ""23:00:00""}]}",http://www.ihopmexico.com/menu/,https://tripadvisor.com/Commerce?p=Delivery_Rappi&src=235063868&geo=12298087&from=Restaurant_Review&area=reservation_button&slot=1&matchID=1&oos=0&cnt=1&silo=45026&bucket=973958&nrank=1&crank=1&clt=R&ttype=Restaurant&tm=312720651&managed=false&capped=false&gosox=9DMvibDTWdNaFeGYL8QTakyv1LBYZaGpeB4MEHn-hv2mZBN376EHVCGusTIRxmJ8hhR9kaOtaedHmlRrikx7ivSUpA_j4QoCMizQftdZH4I&cs=16c916964eb26ca0b82a39dd53ed93c6b_uPr,$$ - $$$,[],[],"[""Breakfast"", ""Lunch"", ""Dinner""]","[""Takeout"", ""Seating"", ""Table Service""]",[],"[""Mid-range""]"
8732505,Bistro,,24,4.5,https://www.tripadvisor.com/Restaurant_Review-g499442-d8732505-Reviews-Bistro-Torreon_Northern_Mexico.html,administracion@bistrotrc.com,+52 871 716 8231,http://www.facebook.com/BistroCalifornia/,https://media-cdn.tripadvisor.com/media/photo-o/10/58/12/de/bistro.jpg,"{""current_rank"": 41, ""total"": 784}","Boulevard Independencia 1255, Torreon 27000 Mexico","{""street"": ""Boulevard Independencia 1255"", ""city"": ""Torreon"", ""postal_code"": ""27000"", ""state"": ""Coahuila"", ""country_code"": ""MX""}",25.541504,-103.46329,"{""1"": 2, ""2"": 1, ""3"": 2, ""4"": 2, ""5"": 17}",[],,,,,$$$$,"[""Mexican""]","[""Vegetarian friendly""]","[""Dinner""]","[""Reservations"", ""Seating"", ""Table Service""]",[],"[""Fine Dining"", ""Mexican"", ""Vegetarian friendly""]"
23565116,Malverde Barrio Bistro,"Malverde barrio bistro es un oyster grill que ofrece un menu variado de asador mar & tierra. Servimos piezas ahumadas, pescado zarandeado, ceviches, cortes & ostras al grill que es lo que mas nos caracteriza. Un gran ambiente con cocteleria fresca ! Que esperas ven a visitarnos.",10,5,https://www.tripadvisor.com/Restaurant_Review-g499442-d23565116-Reviews-Malverde_Barrio_Bistro-Torreon_Northern_Mexico.html,malverdetrc@gmail.com,+52 871 230 2691,https://www.facebook.com/100125338545146,https://media-cdn.tripadvisor.com/media/photo-w/1d/8b/25/a0/best-place-in-town.jpg,"{""current_rank"": 25, ""total"": 784}","Calle Degollado 168, Torreon 27000 Mexico","{""street"": ""Calle Degollado 168"", ""city"": ""Torreon"", ""postal_code"": ""27000"", ""state"": ""Coahuila"", ""country_code"": ""MX""}",25.539688,-103.44756,"{""1"": 0, ""2"": 0, ""3"": 0, ""4"": 0, ""5"": 10}",[],True,"{""sun"": [{""open"": ""08:00:00"", ""close"": ""23:00:00""}], ""mon"": [{""open"": ""08:00:00"", ""close"": ""23:30:00""}], ""tue"": [{""open"": ""08:00:00"", ""close"": ""23:30:00""}], ""wed"": [{""open"": ""08:00:00"", ""close"": ""00:00:00""}], ""thu"": [{""open"": ""08:00:00"", ""close"": ""01:30:00""}], ""fri"": [{""open"": ""08:00:00"", ""close"": ""01:30:00""}], ""sat"": [{""open"": ""08:00:00"", ""close"": ""01:30:00""}]}",,,,"[""Steakhouse"", ""Seafood"", ""Grill"", ""Contemporary"", ""Wine Bar""]",[],"[""Breakfast"", ""Lunch"", ""Dinner"", ""Brunch"", ""Late Night"", ""Drinks""]","[""Reservations"", ""Outdoor Seating""]",[],"[""Steakhouse"", ""Seafood""]"
11743725,La Bikina Torreon,"En este lugar encontraras un verdadero viaje en el tiempo, aqui le rendimos un HOMENAJE A MEXICO acompanandolo de los mejores platillos y bebidas.",40,4,https://www.tripadvisor.com/Restaurant_Review-g499442-d11743725-Reviews-La_Bikina_Torreon-Torreon_Northern_Mexico.html,labikinatorreon@gmail.com,+52 871 571 8884,https://www.facebook.com/La-Bikina-Torre%C3%B3n-285347128504353/,https://media-cdn.tripadvisor.com/media/photo-o/1c/f8/cb/57/mixologia.jpg,"{""current_rank"": 22, ""total"": 784}","Blvd Las Quintas, 50 Int 14, Torreon 27018 Mexico","{""street"": ""Blvd Las Quintas, 50, Int 14"", ""city"": ""Torreon"", ""postal_code"": ""27018"", ""state"": ""Coahuila"", ""country_code"": ""MX""}",25.57355,-103.41551,"{""1"": 2, ""2"": 2, ""3"": 5, ""4"": 8, ""5"": 23}",[],True,"{""sun"": [{""open"": ""09:00:00"", ""close"": ""18:00:00""}], ""mon"": [{""open"": ""09:00:00"", ""close"": ""00:00:00""}], ""tue"": [{""open"": ""09:00:00"", ""close"": ""00:00:00""}], ""wed"": [{""open"": ""09:00:00"", ""close"": ""00:00:00""}], ""thu"": [{""open"": ""09:00:00"", ""close"": ""00:00:00""}], ""fri"": [{""open"": ""09:00:00"", ""close"": ""00:00:00""}], ""sat"": [{""open"": ""09:00:00"", ""close"": ""00:00:00""}]}",https://cutt.ly/jbDeTb5,,$$$$,"[""Mexican"", ""Steakhouse"", ""Contemporary""]",[],"[""Breakfast"", ""Lunch"", ""Dinner"", ""Late Night"", ""Drinks""]","[""Reservations"", ""Seating"", ""Wheelchair Accessible"", ""Serves Alcohol"", ""Table Service""]",[],"[""Fine Dining"", ""Mexican"", ""Steakhouse""]"
12281649,La Patata,,15,5,https://www.tripadvisor.com/Restaurant_Review-g499442-d12281649-Reviews-La_Patata-Torreon_Northern_Mexico.html,,+52 871 747 2222,http://www.lapatata.com.mx/,https://media-cdn.tripadvisor.com/media/photo-o/10/a8/a2/8a/de-apetito-para-unas.jpg,"{""current_rank"": 26, ""total"": 784}","Boulevard Independencia # 1300 Cimaco Cuatro Caminos, Torreon 27010 Mexico","{""street"": ""Boulevard Independencia # 1300, Cimaco Cuatro Caminos"", ""city"": ""Torreon"", ""postal_code"": ""27010"", ""state"": ""Coahuila"", ""country_code"": ""MX""}",25.559317,-103.43341,"{""1"": 0, ""2"": 0, ""3"": 0, ""4"": 2, ""5"": 13}",[],,,http://www.lapatata.com.mx/#menu2,https://tripadvisor.com/Commerce?p=Delivery_Rappi&src=232280426&geo=12281649&from=Restaurant_Review&area=reservation_button&slot=1&matchID=1&oos=0&cnt=1&silo=45026&bucket=973958&nrank=1&crank=1&clt=R&ttype=Restaurant&tm=312720652&managed=false&capped=false&gosox=9DMvibDTWdNaFeGYL8QTakyv1LBYZaGpeB4MEHn-hv2mZBN376EHVCGusTIRxmJ8Pbo2Qe2OpDjdd20cvpP4Q1xrJE0QvCHTNnIkRU6KSC8&cs=171a0159c0f89fc1d58b575f35b480a2d_OqG,$$ - $$$,"[""Pizza"", ""Mediterranean"", ""Spanish""]",[],"[""Dinner""]","[""Reservations"", ""Wheelchair Accessible"", ""Table Service""]",[],"[""Mid-range"", ""Pizza"", ""Mediterranean""]"
1554717,Maria Cocina de Barrio 07,,28,4.5,https://www.tripadvisor.com/Restaurant_Review-g499442-d1554717-Reviews-Maria_Cocina_de_Barrio_07-Torreon_Northern_Mexico.html,,+52 871 132 8031,https://www.facebook.com/Mar%C3%ADa-07-Cocina-de-Barrio-361257307379199/,https://media-cdn.tripadvisor.com/media/photo-o/0f/ec/74/10/fachada-maria-cocina.jpg,"{""current_rank"": 37, ""total"": 784}","Avenida Allende #111 PTE, Torreon 27000 Mexico","{""street"": ""Avenida Allende #111 PTE"", ""city"": ""Torreon"", ""postal_code"": ""27000"", ""state"": ""Coahuila"", ""country_code"": ""MX""}",25.541195,-103.45082,"{""1"": 0, ""2"": 1, ""3"": 2, ""4"": 7, ""5"": 18}",[],True,"{""sun"": [{""open"": ""09:00:00"", ""close"": ""18:00:00""}], ""mon"": [], ""tue"": [{""open"": ""06:00:00"", ""close"": ""12:00:00""}], ""wed"": [{""open"": ""09:00:00"", ""close"": ""12:00:00""}], ""thu"": [{""open"": ""06:00:00"", ""close"": ""12:45:00""}], ""fri"": [{""open"": ""06:00:00"", ""close"": ""12:45:00""}], ""sat"": [{""open"": ""09:00:00"", ""close"": ""12:45:00""}]}",,,$$ - $$$,"[""Mexican"", ""Pizza""]",[],"[""Breakfast"", ""Dinner"", ""Late Night"", ""Drinks""]","[""Delivery"", ""Takeout"", ""Reservations"", ""Outdoor Seating"", ""Seating"", ""Parking Available"", ""Street Parking"", ""Television"", ""Highchairs Available"", ""Serves Alcohol"", ""Full Bar"", ""Wine and Beer"", ""Mastercard"", ""Visa"", ""Table Service""]",[],"[""Mid-range"", ""Mexican"", ""Pizza""]"
7604340,El Pinabete,,28,4,https://www.tripadvisor.com/Restaurant_Review-g499442-d7604340-Reviews-El_Pinabete-Torreon_Northern_Mexico.html,servicioaclientespinabete@gmail.com,+52 871 295 4506,https://www.facebook.com/266941596504697,https://media-cdn.tripadvisor.com/media/photo-o/19/6b/eb/61/desayuno-bufete-mexicano.jpg,"{""current_rank"": 38, ""total"": 784}","Boulevard Independencia 3442, Torreon 27018 Mexico","{""street"": ""Boulevard Independencia 3442"", ""city"": ""Torreon"", ""postal_code"": ""27018"", ""state"": ""Coahuila"", ""country_code"": ""MX""}",25.575369,-103.4143,"{""1"": 0, ""2"": 3, ""3"": 5, ""4"": 9, ""5"": 11}",[],False,"{""sun"": [{""open"": ""11:00:00"", ""close"": ""23:00:00""}], ""mon"": [{""open"": ""11:00:00"", ""close"": ""22:00:00""}], ""tue"": [{""open"": ""11:00:00"", ""close"": ""22:00:00""}], ""wed"": [{""open"": ""11:00:00"", ""close"": ""22:00:00""}], ""thu"": [{""open"": ""11:00:00"", ""close"": ""22:00:00""}], ""fri"": [{""open"": ""11:00:00"", ""close"": ""23:00:00""}], ""sat"": [{""open"": ""11:00:00"", ""close"": ""23:00:00""}]}",,,$$ - $$$,"[""Seafood""]",[],"[""Lunch"", ""Dinner""]","[""Seating"", ""Highchairs Available"", ""Wheelchair Accessible"", ""Table Service""]",[],"[""Mid-range"", ""Seafood""]"
1816799,Las Alitas,"Las Alitas Coahuila te ofrece una experiencia unica basada en la calidad de alimentos, un servicio y ambientacion que vuela...!Juntense!",100,4,https://www.tripadvisor.com/Restaurant_Review-g499442-d1816799-Reviews-Las_Alitas-Torreon_Northern_Mexico.html,lasalitastorreon@hotmail.com,+52 871 713 6092,http://www.lasalitas.com,https://media-cdn.tripadvisor.com/media/photo-o/18/03/40/c2/deliciosas-alitas-banadas.jpg,"{""current_rank"": 28, ""total"": 784}","Blvd Independencia Ote. Centro, Torreon 27000 Mexico","{""street"": ""Blvd Independencia Ote., Centro"", ""city"": ""Torreon"", ""postal_code"": ""27000"", ""state"": ""Coahuila"", ""country_code"": ""MX""}",25.55648,-103.43814,"{""1"": 8, ""2"": 4, ""3"": 22, ""4"": 30, ""5"": 36}",[],False,"{""sun"": [{""open"": ""12:00:00"", ""close"": ""00:00:00""}], ""mon"": [{""open"": ""12:00:00"", ""close"": ""00:00:00""}], ""tue"": [{""open"": ""12:00:00"", ""close"": ""00:00:00""}], ""wed"": [{""open"": ""12:00:00"", ""close"": ""00:00:00""}], ""thu"": [{""open"": ""12:00:00"", ""close"": ""00:00:00""}], ""fri"": [{""open"": ""12:00:00"", ""close"": ""01:00:00""}], ""sat"": [{""open"": ""12:00:00"", ""close"": ""01:00:00""}]}",https://www.lasalitas.com,https://tripadvisor.com/Commerce?p=Delivery_Rappi&src=232427516&geo=1816799&from=Restaurant_Review&area=reservation_button&slot=1&matchID=1&oos=0&cnt=1&silo=45026&bucket=973958&nrank=1&crank=1&clt=R&ttype=Restaurant&tm=312720652&managed=false&capped=false&gosox=9DMvibDTWdNaFeGYL8QTakyv1LBYZaGpeB4MEHn-hv2mZBN376EHVCGusTIRxmJ8BYd-89diKla4UNmQJ7jnjCvlmLvYuEY2cFHPmvqLLAo&cs=10b3f0b4864bab13641cd90c18688f6c3_3cO,$$ - $$$,"[""Bar"", ""Fast Food"", ""Pub""]",[],"[""Dinner"", ""Drinks""]","[""Takeout"", ""Reservations"", ""Outdoor Seating"", ""Television"", ""Wheelchair Accessible"", ""Serves Alcohol"", ""Free Wifi"", ""Accepts Credit Cards"", ""Table Service""]",[],"[""Mid-range"", ""Bar"", ""Fast Food""]"
12113703,Pizza de La Ardilla Amarilla,,6,4.5,https://www.tripadvisor.com/Restaurant_Review-g499442-d12113703-Reviews-Pizza_de_La_Ardilla_Amarilla-Torreon_Northern_Mexico.html,pizza.ardilla.amarilla@gmail.com,+52 871 722 1148,https://www.facebook.com/818131571566265,https://media-cdn.tripadvisor.com/media/photo-o/11/12/9d/8e/pizza.jpg,"{""current_rank"": 42, ""total"": 784}","Calle Ponciano Arriaga 166, Torreon 27000 Mexico","{""street"": ""Calle Ponciano Arriaga 166"", ""city"": ""Torreon"", ""postal_code"": ""27000"", ""state"": ""Coahuila"", ""country_code"": ""MX""}",25.542692,-103.441185,"{""1"": 0, ""2"": 0, ""3"": 0, ""4"": 2, ""5"": 4}",[],False,"{""sun"": [{""open"": ""14:00:00"", ""close"": ""22:00:00""}], ""mon"": [], ""tue"": [], ""wed"": [{""open"": ""14:00:00"", ""close"": ""22:00:00""}], ""thu"": [{""open"": ""14:00:00"", ""close"": ""22:00:00""}], ""fri"": [{""open"": ""14:00:00"", ""close"": ""22:00:00""}], ""sat"": [{""open"": ""14:00:00"", ""close"": ""22:00:00""}]}",,,$$ - $$$,"[""Italian"", ""Pizza""]",[],"[""Lunch"", ""Dinner""]",[],[],"[""Mid-range"", ""Italian"", ""Pizza""]"
4171370,Los Farolitos Taqueria,,32,4,https://www.tripadvisor.com/Restaurant_Review-g499442-d4171370-Reviews-Los_Farolitos_Taqueria-Torreon_Northern_Mexico.html,losfarolitostaqueria@hotmail.com,+52 871 193 2251,http://www.facebook.com/farolitostaqueria/,https://media-cdn.tripadvisor.com/media/photo-o/0d/02/b7/ab/photo1jpg.jpg,"{""current_rank"": 54, ""total"": 784}","Paseo del Tecnologico # 812 Col. Las Rosas, Torreon 27258 Mexico","{""street"": ""Paseo del Tecnologico # 812, Col. Las Rosas"", ""city"": ""Torreon"", ""postal_code"": ""27258"", ""state"": ""Coahuila"", ""country_code"": ""MX""}",25.51492,-103.3844,"{""1"": 2, ""2"": 1, ""3"": 7, ""4"": 14, ""5"": 8}",[],True,"{""sun"": [{""open"": ""09:00:00"", ""close"": ""18:00:00""}], ""mon"": [], ""tue"": [{""open"": ""09:00:00"", ""close"": ""23:00:00""}], ""wed"": [{""open"": ""09:00:00"", ""close"": ""23:00:00""}], ""thu"": [{""open"": ""09:00:00"", ""close"": ""23:00:00""}], ""fri"": [{""open"": ""09:00:00"", ""close"": ""23:00:00""}], ""sat"": [{""open"": ""09:00:00"", ""close"": ""23:00:00""}]}",,,$$ - $$$,"[""Mexican""]",[],"[""Breakfast"", ""Lunch"", ""Dinner""]","[""Delivery"", ""Takeout"", ""Seating"", ""Wheelchair Accessible"", ""Table Service""]",[],"[""Mid-range"", ""Mexican""]"
8787020,Sushi Itto,"Japanese Food and Teppanyaki Grills. We offer a subtle combination of flavors from the Orient mixed with our mexican culture. We offer Sushi Rolls, Yakimeshi, Nigiris, Yakitoris and we have 3 Tappanyaki Grills.",36,4.5,https://www.tripadvisor.com/Restaurant_Review-g499442-d8787020-Reviews-Sushi_Itto-Torreon_Northern_Mexico.html,jorgepg@maquirent.com,+52 871 845 7384,http://www.facebook.com/sushiitto.torreon,https://media-cdn.tripadvisor.com/media/photo-o/09/a0/05/98/sushi-itto-torreon.jpg,"{""current_rank"": 33, ""total"": 784}","Boulevard Independencia Esquina Con Feliciano Cobian, Torreon 27140 Mexico","{""street"": ""Boulevard Independencia, Esquina Con Feliciano Cobian"", ""city"": ""Torreon"", ""postal_code"": ""27140"", ""state"": ""Coahuila"", ""country_code"": ""MX""}",25.55393,-103.44161,"{""1"": 2, ""2"": 1, ""3"": 5, ""4"": 5, ""5"": 23}",[],False,"{""sun"": [{""open"": ""13:00:00"", ""close"": ""22:00:00""}], ""mon"": [{""open"": ""13:00:00"", ""close"": ""23:00:00""}], ""tue"": [{""open"": ""13:00:00"", ""close"": ""23:00:00""}], ""wed"": [{""open"": ""13:00:00"", ""close"": ""23:00:00""}], ""thu"": [{""open"": ""13:00:00"", ""close"": ""23:00:00""}], ""fri"": [{""open"": ""13:00:00"", ""close"": ""00:00:00""}], ""sat"": [{""open"": ""13:00:00"", ""close"": ""00:00:00""}]}",,,$$ - $$$,"[""Japanese"", ""Seafood"", ""Sushi""]","[""Vegetarian friendly""]","[""Lunch"", ""Dinner"", ""Late Night""]","[""Delivery"", ""Takeout"", ""Reservations"", ""Outdoor Seating"", ""Seating"", ""Parking Available"", ""Street Parking"", ""Validated Parking"", ""Television"", ""Highchairs Available"", ""Wheelchair Accessible"", ""Serves Alcohol"", ""Full Bar"", ""American Express"", ""Mastercard"", ""Visa"", ""Digital Payments"", ""Free Wifi"", ""Accepts Credit Cards"", ""Table Service""]",[],"[""Mid-range"", ""Japanese"", ""Seafood"", ""Vegetarian friendly""]"
6885970,Baldoria,,46,3.5,https://www.tripadvisor.com/Restaurant_Review-g499442-d6885970-Reviews-Baldoria-Torreon_Northern_Mexico.html,,+52 871 182 0202,http://www.baldoria.mx/,https://media-cdn.tripadvisor.com/media/photo-o/0d/53/92/3a/baldoria.jpg,"{""current_rank"": 47, ""total"": 784}","Independencia 3699 Local 22 Col el fresno, Torreon Mexico","{""street"": ""Independencia 3699 Local 22, Col el fresno"", ""city"": ""Torreon"", ""postal_code"": null, ""state"": ""Coahuila"", ""country_code"": ""MX""}",25.577946,-103.40904,"{""1"": 4, ""2"": 6, ""3"": 10, ""4"": 10, ""5"": 16}",[],,,,https://tripadvisor.com/Commerce?p=Delivery_Rappi&src=230404445&geo=6885970&from=Restaurant_Review&area=reservation_button&slot=1&matchID=1&oos=0&cnt=1&silo=45026&bucket=973958&nrank=1&crank=1&clt=R&ttype=Restaurant&tm=312720653&managed=false&capped=false&gosox=9DMvibDTWdNaFeGYL8QTakyv1LBYZaGpeB4MEHn-hv2mZBN376EHVCGusTIRxmJ83IS-ZKcYZhJHwcg9AvDSlBDo4VtVxKxIxUecW5lg6V0&cs=145cdd08b2610386d68ec8d371bc2f1e5_Z1Z,$$ - $$$,"[""Italian"", ""Pizza"", ""European""]",[],"[""Lunch"", ""Dinner""]","[""Delivery"", ""Takeout"", ""Reservations"", ""Seating"", ""Serves Alcohol"", ""Table Service""]",[],"[""Mid-range"", ""Italian"", ""Pizza""]"
10814446,Las Ventanas,"Las Ventanas tiene un concepto unico en buffet que satisface hasta los mas exigentes paladares. Contamos con una amplia barra de ensaladas, variedad de platillos de cocina internacional, estaciones en cuatro diferentes ventanas con especialidades en grill, mexicano, italiano y alta reposteria, sin olvidar nuestra ya tradicional Mariscada de los viernes e inigualable Brunch Dominical. Tenemos musica en vivo de jueves a sabado de 7:00 a 11:00 pm. Podemos apoyarlo con eventos externos con los siguientes servicios: catering, eventos sociales y empresariales. Para su comodidad, contamos con amplio estacionamiento techado y al aire libre. !Ven y disfruta de una exquisita comida en el punto de reunion, Crowne Plaza Torreon!",3,3.5,https://www.tripadvisor.com/Restaurant_Review-g499442-d10814446-Reviews-Las_Ventanas-Torreon_Northern_Mexico.html,,+52 871 729 9600,http://www.hotelesmilenium.com/crowne-plaza,https://media-cdn.tripadvisor.com/media/photo-o/12/78/ae/47/una-increible-barra-de.jpg,"{""current_rank"": 147, ""total"": 784}","Blvd. Torreon- Matamoros #4050 Col. Ex Hacienda Antigua Los Anges Hotel Crowne Plaza Torreon, Torreon 27260 Mexico","{""street"": ""Blvd. Torreon- Matamoros #4050 Col. Ex Hacienda Antigua Los Anges, Hotel Crowne Plaza Torreon"", ""city"": ""Torreon"", ""postal_code"": ""27260"", ""state"": ""Coahuila"", ""country_code"": ""MX""}",25.534752,-103.40474,"{""1"": 0, ""2"": 1, ""3"": 1, ""4"": 0, ""5"": 1}",[],True,"{""sun"": [{""open"": ""06:00:00"", ""close"": ""01:00:00""}], ""mon"": [{""open"": ""06:00:00"", ""close"": ""01:00:00""}], ""tue"": [{""open"": ""06:00:00"", ""close"": ""01:00:00""}], ""wed"": [{""open"": ""06:00:00"", ""close"": ""01:00:00""}], ""thu"": [{""open"": ""06:00:00"", ""close"": ""01:00:00""}], ""fri"": [{""open"": ""06:00:00"", ""close"": ""01:00:00""}], ""sat"": [{""open"": ""06:00:00"", ""close"": ""01:00:00""}]}",,,$$ - $$$,"[""Italian"", ""Mexican"", ""International""]",[],"[""Breakfast"", ""Lunch"", ""Dinner"", ""Brunch"", ""Drinks""]","[""Takeout"", ""Reservations"", ""Buffet"", ""Seating"", ""Parking Available"", ""Validated Parking"", ""Television"", ""Wheelchair Accessible"", ""Serves Alcohol"", ""Full Bar"", ""American Express"", ""Mastercard"", ""Visa"", ""Free Wifi""]",[],"[""Mid-range"", ""Italian"", ""Mexican""]"
11712427,Gordy Mania,,7,4.5,https://www.tripadvisor.com/Restaurant_Review-g499442-d11712427-Reviews-Gordy_Mania-Torreon_Northern_Mexico.html,,+52 871 721 8697,https://www.facebook.com/462151420594626,https://media-cdn.tripadvisor.com/media/photo-o/0e/38/b8/94/gordy-mania.jpg,"{""current_rank"": 62, ""total"": 784}","Avenida Paseo De La Rosita 601, Torreon 27250 Mexico","{""street"": ""Avenida Paseo De La Rosita 601"", ""city"": ""Torreon"", ""postal_code"": ""27250"", ""state"": ""Coahuila"", ""country_code"": ""MX""}",25.524979,-103.41521,"{""1"": 0, ""2"": 0, ""3"": 0, ""4"": 4, ""5"": 3}",[],,,,,$,"[""Mexican""]",[],[],"[""Takeout""]",[],"[""Cheap Eats"", ""Mexican""]"
7347594,Arabiga,,10,4.5,https://www.tripadvisor.com/Restaurant_Review-g499442-d7347594-Reviews-Arabiga-Torreon_Northern_Mexico.html,,+52 871 750 8166,http://www.arabiga.com.mx,https://media-cdn.tripadvisor.com/media/photo-o/07/16/4d/cd/getlstd-property-photo.jpg,"{""current_rank"": 53, ""total"": 784}","Perif. Raul Lopez 600, Torreon Mexico","{""street"": ""Perif. Raul Lopez 600"", ""city"": ""Torreon"", ""postal_code"": null, ""state"": ""Coahuila"", ""country_code"": ""MX""}",25.56946,-103.38573,"{""1"": 0, ""2"": 0, ""3"": 0, ""4"": 4, ""5"": 6}",[],,,http://www.arabiga.com.mx/menu--arabiga.html,https://tripadvisor.com/Commerce?p=Delivery_Rappi&src=232276818&geo=7347594&from=Restaurant_Review&area=reservation_button&slot=1&matchID=1&oos=0&cnt=1&silo=45026&bucket=973958&nrank=1&crank=1&clt=R&ttype=Restaurant&tm=312720653&managed=false&capped=false&gosox=9DMvibDTWdNaFeGYL8QTakyv1LBYZaGpeB4MEHn-hv2mZBN376EHVCGusTIRxmJ8Uc04DLdHlNARVlJgehRdvWQD0Ho72j-QP0mzN1SjKCU&cs=113b25c85dc93e8b74bee1cf4aab54bbd_AqW,$,"[""Lebanese"", ""Mediterranean"", ""Middle Eastern""]",[],[],[],[],"[""Cheap Eats"", ""Lebanese"", ""Mediterranean""]"
7283476,Los Mariskoos del Huari,,8,4,https://www.tripadvisor.com/Restaurant_Review-g499442-d7283476-Reviews-Los_Mariskoos_del_Huari-Torreon_Northern_Mexico.html,administracion@losmariskoos.com,+52 871 750 8150,http://www.losmariskoos.com,https://media-cdn.tripadvisor.com/media/photo-o/08/04/57/77/huari-chick-torreon.jpg,"{""current_rank"": 81, ""total"": 784}","Nueva Laguna Nte., 27110 Torreon, Coah. Periferico Raul Lopez Sanchez 8901 Periferico Raul Lopez Sanchez 8901, Torreon 27110 Mexico","{""street"": ""Nueva Laguna Nte., 27110 Torreon, Coah. Periferico Raul Lopez Sanchez 8901, Periferico Raul Lopez Sanchez 8901"", ""city"": ""Torreon"", ""postal_code"": ""27110"", ""state"": ""Coahuila"", ""country_code"": ""MX""}",25.53282,-103.44706,"{""1"": 1, ""2"": 0, ""3"": 0, ""4"": 4, ""5"": 3}",[],True,"{""sun"": [{""open"": ""09:00:00"", ""close"": ""20:30:00""}], ""mon"": [{""open"": ""09:00:00"", ""close"": ""20:30:00""}], ""tue"": [{""open"": ""09:00:00"", ""close"": ""20:30:00""}], ""wed"": [{""open"": ""09:00:00"", ""close"": ""20:30:00""}], ""thu"": [{""open"": ""09:00:00"", ""close"": ""20:30:00""}], ""fri"": [{""open"": ""09:00:00"", ""close"": ""20:30:00""}], ""sat"": [{""open"": ""09:00:00"", ""close"": ""20:30:00""}]}",https://www.losmariskoos.com/menu,,$$ - $$$,"[""Seafood""]",[],"[""Breakfast"", ""Lunch"", ""Dinner""]",[],[],"[""Mid-range"", ""Seafood""]"
2561821,Galpao do Brasil,,52,3.5,https://www.tripadvisor.com/Restaurant_Review-g499442-d2561821-Reviews-Galpao_do_Brasil-Torreon_Northern_Mexico.html,,+52 73331407333141,http://es-es.facebook.com/pages/GALPAO-DO-BRASIL/163639693699421?sk=info,https://media-cdn.tripadvisor.com/media/photo-m/1280/14/81/a4/52/ensalada.jpg,"{""current_rank"": 79, ""total"": 784}","Periferico Raul Lopez Sanchez 300, Torreon 27019 Mexico","{""street"": ""Periferico Raul Lopez Sanchez 300"", ""city"": ""Torreon"", ""postal_code"": ""27019"", ""state"": ""Coahuila"", ""country_code"": ""MX""}",25.54106,-103.37099,"{""1"": 5, ""2"": 6, ""3"": 11, ""4"": 24, ""5"": 6}",[],,,,,$$ - $$$,"[""Steakhouse"", ""Brazilian""]",[],"[""Dinner""]","[""Reservations"", ""Seating"", ""Validated Parking"", ""Wheelchair Accessible"", ""Serves Alcohol"", ""Table Service""]",[],"[""Mid-range"", ""Steakhouse"", ""Brazilian""]"
8446376,El Sureno,,39,4,https://www.tripadvisor.com/Restaurant_Review-g499442-d8446376-Reviews-El_Sureno-Torreon_Northern_Mexico.html,,+52 871 213 5121,https://www.facebook.com/144759512202542,https://media-cdn.tripadvisor.com/media/photo-m/1280/15/07/60/d2/el-sureno.jpg,"{""current_rank"": 48, ""total"": 784}","Calle Gonzalez Ortega 272 Centro, Torreon 27000 Mexico","{""street"": ""Calle Gonzalez Ortega 272, Centro"", ""city"": ""Torreon"", ""postal_code"": ""27000"", ""state"": ""Coahuila"", ""country_code"": ""MX""}",25.538593,-103.44667,"{""1"": 4, ""2"": 0, ""3"": 6, ""4"": 12, ""5"": 17}",[],True,"{""sun"": [{""open"": ""09:00:00"", ""close"": ""18:00:00""}], ""mon"": [], ""tue"": [{""open"": ""09:00:00"", ""close"": ""23:00:00""}], ""wed"": [{""open"": ""09:00:00"", ""close"": ""23:00:00""}], ""thu"": [{""open"": ""09:00:00"", ""close"": ""23:00:00""}], ""fri"": [{""open"": ""09:00:00"", ""close"": ""23:00:00""}], ""sat"": [{""open"": ""09:00:00"", ""close"": ""23:00:00""}]}",,,$$ - $$$,"[""Mexican""]",[],"[""Breakfast"", ""Lunch"", ""Dinner""]","[""Reservations"", ""Seating"", ""Table Service""]",[],"[""Mid-range"", ""Mexican""]"
27130007,Puccinos,,2,5,https://www.tripadvisor.com/Restaurant_Review-g499442-d27130007-Reviews-Puccinos-Torreon_Northern_Mexico.html,,+52 871 251 6765,https://www.instagram.com/puccinosmexico?igsh=eg9qnhpjbthuntyw,https://media-cdn.tripadvisor.com/media/photo-w/2b/38/5f/85/caption.jpg,"{""current_rank"": 71, ""total"": 784}","Blvrd Independencia 3696 Local 6, Torreon 27018 Mexico","{""street"": ""Blvrd Independencia 3696, Local 6"", ""city"": ""Torreon"", ""postal_code"": ""27018"", ""state"": ""Coahuila"", ""country_code"": ""MX""}",25.577003,-103.40836,"{""1"": 0, ""2"": 0, ""3"": 0, ""4"": 0, ""5"": 2}",[],False,"{""sun"": [{""open"": ""13:00:00"", ""close"": ""00:00:00""}], ""mon"": [{""open"": ""13:00:00"", ""close"": ""00:00:00""}], ""tue"": [{""open"": ""13:00:00"", ""close"": ""00:00:00""}], ""wed"": [{""open"": ""13:00:00"", ""close"": ""00:00:00""}], ""thu"": [{""open"": ""13:00:00"", ""close"": ""02:00:00""}], ""fri"": [{""open"": ""13:00:00"", ""close"": ""02:00:00""}], ""sat"": [{""open"": ""13:00:00"", ""close"": ""02:00:00""}]}",,,,"[""Pizza""]",[],"[""Lunch"", ""Dinner"", ""Late Night"", ""Drinks""]",[],[],"[""Pizza""]"
23022668,Cafe Sore,,3,5,https://www.tripadvisor.com/Restaurant_Review-g499442-d23022668-Reviews-Cafe_Sore-Torreon_Northern_Mexico.html,cafeteria.sore@gmail.com,+52 871 222 2455,,https://media-cdn.tripadvisor.com/media/photo-o/1c/b3/de/56/bebidas-con-tapioca.jpg,"{""current_rank"": 63, ""total"": 784}","275, Trevino A 100 M Del Teleferico, Entre Juarez Y Morelos, Torreon 27000 Mexico","{""street"": ""275, Trevino, A 100 M Del Teleferico, Entre Juarez Y Morelos"", ""city"": ""Torreon"", ""postal_code"": ""27000"", ""state"": ""Coahuila"", ""country_code"": ""MX""}",25.53881,-103.45682,"{""1"": 0, ""2"": 0, ""3"": 0, ""4"": 0, ""5"": 3}",[],,,,,$,"[""Cafe"", ""Fast Food""]",[],[],[],[],"[""Cheap Eats"", ""Cafe"", ""Fast Food""]"
3490116,El Costenito,,46,4,https://www.tripadvisor.com/Restaurant_Review-g499442-d3490116-Reviews-El_Costenito-Torreon_Northern_Mexico.html,,+52 871 750 6950,http://www.facebook.com/costenitolaguna/,https://media-cdn.tripadvisor.com/media/photo-o/0a/30/c5/6a/el-costenito.jpg,"{""current_rank"": 35, ""total"": 784}","Independencia 3690, Torreon 08100 Mexico","{""street"": ""Independencia 3690"", ""city"": ""Torreon"", ""postal_code"": ""08100"", ""state"": ""Coahuila"", ""country_code"": ""MX""}",25.577522,-103.408646,"{""1"": 1, ""2"": 5, ""3"": 11, ""4"": 15, ""5"": 14}",[],False,"{""sun"": [{""open"": ""13:00:00"", ""close"": ""02:00:00""}], ""mon"": [{""open"": ""13:00:00"", ""close"": ""02:00:00""}], ""tue"": [{""open"": ""13:00:00"", ""close"": ""02:00:00""}], ""wed"": [{""open"": ""13:00:00"", ""close"": ""02:00:00""}], ""thu"": [{""open"": ""13:00:00"", ""close"": ""02:00:00""}], ""fri"": [{""open"": ""13:00:00"", ""close"": ""02:00:00""}], ""sat"": [{""open"": ""13:00:00"", ""close"": ""02:00:00""}]}",,https://tripadvisor.com/Commerce?p=Delivery_Rappi&src=232278098&geo=3490116&from=Restaurant_Review&area=reservation_button&slot=1&matchID=1&oos=0&cnt=1&silo=45026&bucket=973958&nrank=1&crank=1&clt=R&ttype=Restaurant&tm=312720654&managed=false&capped=false&gosox=9DMvibDTWdNaFeGYL8QTakyv1LBYZaGpeB4MEHn-hv2mZBN376EHVCGusTIRxmJ82uJET9l19Bex2wDw-XwhW1Q4wlDVWvSZn_TfSUYvCvw&cs=1cb4364243a6753c7929f9e569926d732_FRN,$$ - $$$,"[""Seafood""]",[],"[""Lunch"", ""Dinner"", ""Late Night""]","[""Reservations"", ""Seating"", ""Table Service""]",[],"[""Mid-range"", ""Seafood""]"
14212184,La Copa De Leche,,4,5,https://www.tripadvisor.com/Restaurant_Review-g499442-d14212184-Reviews-La_Copa_De_Leche-Torreon_Northern_Mexico.html,,+52 871 716 8881,https://www.facebook.com/105829908939237,https://media-cdn.tripadvisor.com/media/photo-m/1280/1a/c9/16/9d/photo0jpg.jpg,"{""current_rank"": 75, ""total"": 784}","Calle Valdez Carrillo 359 Entre Av. Juarez y Av. Hidalgo, Torreon 27000 Mexico","{""street"": ""Calle Valdez Carrillo 359, Entre Av. Juarez y Av. Hidalgo"", ""city"": ""Torreon"", ""postal_code"": ""27000"", ""state"": ""Coahuila"", ""country_code"": ""MX""}",25.53752,-103.46242,"{""1"": 0, ""2"": 0, ""3"": 0, ""4"": 1, ""5"": 3}",[],True,"{""sun"": [{""open"": ""08:00:00"", ""close"": ""21:00:00""}], ""mon"": [{""open"": ""08:00:00"", ""close"": ""21:00:00""}], ""tue"": [{""open"": ""08:00:00"", ""close"": ""21:00:00""}], ""wed"": [{""open"": ""08:00:00"", ""close"": ""21:00:00""}], ""thu"": [{""open"": ""08:00:00"", ""close"": ""21:00:00""}], ""fri"": [{""open"": ""08:00:00"", ""close"": ""21:00:00""}], ""sat"": [{""open"": ""08:00:00"", ""close"": ""21:00:00""}]}",,,$$ - $$$,[],[],"[""Breakfast"", ""Lunch"", ""Dinner""]",[],[],"[""Mid-range""]"
27957786,Bonito Restaurant,"Somos un restaurant comprometido con la calidad, la innovacion y la autenticidad. Nuestra mision es crear un espacio acogedor donde la buena comida y el ambiente calido se unan para ofrecerte momentos inolvidables.",1,5,https://www.tripadvisor.com/Restaurant_Review-g499442-d27957786-Reviews-Bonito_Restaurant-Torreon_Northern_Mexico.html,,+52 871 354 8123,https://bonitorestaurant.com.mx/,https://media-cdn.tripadvisor.com/media/photo-m/1280/2d/08/6f/b7/ven-a-probar-nuestros.jpg,"{""current_rank"": 88, ""total"": 784}","Blvd. E. Lopez Sanchez, Los Vinedos, 27016 Torreon, Coah., Torreon 27023 Mexico","{""street"": ""Blvd. E. Lopez Sanchez, Los Vinedos, 27016 Torreon, Coah."", ""city"": ""Torreon"", ""postal_code"": ""27023"", ""state"": ""Coahuila"", ""country_code"": ""MX""}",25.576387,-103.38125,"{""1"": 0, ""2"": 0, ""3"": 0, ""4"": 0, ""5"": 1}",[],True,"{""sun"": [{""open"": ""08:00:00"", ""close"": ""18:00:00""}], ""mon"": [], ""tue"": [{""open"": ""08:00:00"", ""close"": ""00:00:00""}], ""wed"": [{""open"": ""08:00:00"", ""close"": ""00:00:00""}], ""thu"": [{""open"": ""08:00:00"", ""close"": ""00:00:00""}], ""fri"": [{""open"": ""08:00:00"", ""close"": ""00:00:00""}], ""sat"": [{""open"": ""08:00:00"", ""close"": ""00:00:00""}]}",https://bonitorestaurant.com.mx/menu/,,$$$$,"[""Italian"", ""French"", ""Japanese"", ""Mediterranean""]",[],"[""Breakfast"", ""Lunch"", ""Dinner"", ""Drinks""]","[""Reservations"", ""Free off-street parking"", ""Television"", ""Wheelchair Accessible"", ""Serves Alcohol"", ""Wine and Beer"", ""American Express"", ""Mastercard"", ""Visa"", ""Free Wifi"", ""Accepts Credit Cards"", ""Family style"", ""Non-smoking restaurants""]",[],"[""Fine Dining"", ""Italian"", ""French""]"
6795996,Los Farolitos Triangulito,,26,4,https://www.tripadvisor.com/Restaurant_Review-g499442-d6795996-Reviews-Los_Farolitos_Triangulito-Torreon_Northern_Mexico.html,,+52 871 718 6999,,https://media-cdn.tripadvisor.com/media/photo-o/0e/b6/48/b1/guacamole.jpg,"{""current_rank"": 56, ""total"": 784}","Boulevard Independencia #600 Oriente, Torreon 27000 Mexico","{""street"": ""Boulevard Independencia #600 Oriente"", ""city"": ""Torreon"", ""postal_code"": ""27000"", ""state"": ""Coahuila"", ""country_code"": ""MX""}",25.552595,-103.44279,"{""1"": 4, ""2"": 1, ""3"": 2, ""4"": 6, ""5"": 13}",[],True,"{""sun"": [{""open"": ""09:00:00"", ""close"": ""23:45:00""}], ""mon"": [{""open"": ""09:00:00"", ""close"": ""23:45:00""}], ""tue"": [{""open"": ""09:00:00"", ""close"": ""23:45:00""}], ""wed"": [{""open"": ""09:00:00"", ""close"": ""23:45:00""}], ""thu"": [{""open"": ""09:00:00"", ""close"": ""23:45:00""}], ""fri"": [{""open"": ""09:00:00"", ""close"": ""23:45:00""}], ""sat"": [{""open"": ""09:00:00"", ""close"": ""23:45:00""}]}",,,$$ - $$$,"[""Mexican""]",[],"[""Breakfast"", ""Lunch"", ""Dinner""]","[""Delivery"", ""Takeout"", ""Outdoor Seating"", ""Seating"", ""Valet Parking"", ""Accepts Credit Cards"", ""Table Service""]",[],"[""Mid-range"", ""Mexican""]"
7827961,Tio Riki,,30,4,https://www.tripadvisor.com/Restaurant_Review-g499442-d7827961-Reviews-Tio_Riki-Torreon_Northern_Mexico.html,tioriki@gmail.com,+52 871 672 4632,https://www.facebook.com/227409094037981,https://media-cdn.tripadvisor.com/media/photo-o/09/67/7d/ae/photo0jpg.jpg,"{""current_rank"": 40, ""total"": 784}","Calle Feliciano Cobian 265, Torreon 27140 Mexico","{""street"": ""Calle Feliciano Cobian 265"", ""city"": ""Torreon"", ""postal_code"": ""27140"", ""state"": ""Coahuila"", ""country_code"": ""MX""}",25.55538,-103.44535,"{""1"": 2, ""2"": 3, ""3"": 1, ""4"": 10, ""5"": 14}",[],,,,,$$ - $$$,"[""Steakhouse""]",[],"[""Dinner""]","[""Reservations"", ""Seating"", ""Wheelchair Accessible"", ""Serves Alcohol"", ""Table Service""]",[],"[""Mid-range"", ""Steakhouse""]"
7589318,Sushi Star,,5,4,https://www.tripadvisor.com/Restaurant_Review-g499442-d7589318-Reviews-Sushi_Star-Torreon_Northern_Mexico.html,,+52 871 228 0972,http://www.sushistar.com.mx,https://media-cdn.tripadvisor.com/media/photo-w/25/f5/bd/85/sushi-star.jpg,"{""current_rank"": 83, ""total"": 784}","Plaza La Cienega, Torreon Mexico","{""street"": ""Plaza La Cienega"", ""city"": ""Torreon"", ""postal_code"": null, ""state"": ""Coahuila"", ""country_code"": ""MX""}",25.61383,-103.390236,"{""1"": 0, ""2"": 0, ""3"": 1, ""4"": 3, ""5"": 1}",[],,,,https://tripadvisor.com/Commerce?p=Delivery_Rappi&src=230379077&geo=7589318&from=Restaurant_Review&area=reservation_button&slot=1&matchID=1&oos=0&cnt=1&silo=45026&bucket=973958&nrank=1&crank=1&clt=R&ttype=Restaurant&tm=312720655&managed=false&capped=false&gosox=9DMvibDTWdNaFeGYL8QTakyv1LBYZaGpeB4MEHn-hv2mZBN376EHVCGusTIRxmJ8xImgQP5m0vMCtvDOI1M07doFpeNMv73Ms43xhrHEoXs&cs=1075a0a1cbeed162b3c33ff27c48c9879_aqa,,"[""Japanese"", ""Sushi""]",[],[],[],[],"[""Japanese"", ""Sushi""]"
